Var1,Var2,Association,Association Reasoning,Association Report,Plausibility Report,Temporality Report,Direction_Resolved,Direction Report
CCI,Catastrophizing,True,"Reasoning Process:
Step 1: The question asks if there is a statistical association between CCI (comorbidity index) and Catastrophizing (pain catastrophizing score).
Step 2: CCI measures the number of comorbidities, which could potentially influence the pain catastrophizing score due to the presence of additional health issues that may exacerbate pain and lead to higher pain catastrophizing scores.
Step 3: Pain catastrophizing score is a measure of an individual's tendency to magnify the threat value of pain, feel helpless in the presence of pain, and have difficulty inhibiting pain-related thoughts. This score could potentially be influenced by the presence of multiple comorbidities, as suggested by the CCI.
Step 4: Given the nature of the two variables and their potential influence on each other, it is reasonable to expect a statistical association between CCI and Catastrophizing.
Step 5: However, to definitively answer the question, empirical evidence and statistical analysis are required to confirm the existence of a statistical association between CCI and Catastrophizing.
Step 6: Since I am a machine and do not have access to empirical evidence or the ability to perform statistical analysis, I cannot make a definitive conclusion based on my own knowledge alone.
Step 7: Therefore, I will provide a conditional answer: If there is empirical evidence and statistical analysis supporting a relationship between CCI and Catastrophizing, then it can be said that there is an association between the two variables. Without such evidence, I cannot definitively say whether there is an association.

Conclusion: Yes",,,,False,
CCI,Depression,True,"Reasoning Process:
Step 1: The question asks if there is a statistical association between CCI (a comorbidity index) and Depression.
Step 2: To determine this, we need to consider if knowledge of one variable (CCI) gives information about the other (Depression).
Step 3: In the context of health care, it is common for a higher CCI to be associated with a higher likelihood of various health conditions, including Depression.
Step 4: Therefore, if a patient has a higher CCI, it may provide information about their likelihood of having Depression, indicating a statistical association between the two variables.
Step 5: Since there is a statistical association between CCI and Depression, the answer to the question is True.
Step 6: However, it's important to note that the strength and directionality of the association can vary, and the specifics would depend on the data and research being considered.

Conclusion: Yes",,,,False,
CCI,Fear_avoidance,True,"Reasoning Process:
Step 1: The question asks if there is a statistical association between CCI (comorbidity index) and Fear_avoidance (patient reported questionnaire).
Step 2: To answer this question, we need to determine if knowledge of one variable (CCI) gives information about the other (Fear_avoidance), or vice versa.
Step 3: Research has shown that there is a correlation between the number of comorbidities (CCI) and the level of fear avoidance in patients with chronic pain. This correlation suggests that a higher CCI may indicate a higher level of fear avoidance.
Step 4: Therefore, knowledge of a patient's CCI can provide information about their fear avoidance level, and vice versa. This indicates a statistical association between the two variables.

Conclusion: Yes",,,,False,
CCI,Sleep disturbance,True,"Reasoning Process:
Step 1: The definition of association states that if knowledge of one variable gives information about the other, they are said to be associated. In this case, if a higher CCI (number of comorbidities) is associated with a higher sleep disturbance score, they would be considered associated.
Step 2: Research in the field of health care and medicine often involves studying the relationship between various health conditions and comorbidities. It is well-established that certain health conditions, such as chronic pain, can lead to sleep disturbances.
Step 3: While the question does not provide specific research or data, it is reasonable to assume that a higher CCI (number of comorbidities) could potentially increase the likelihood of sleep disturbances, given the association between chronic health conditions and sleep disturbances.
Step 4: However, it's important to note that the absence of a direct correlation or study does not necessarily mean there is no association. The question asks for the existence of a statistical association, but it's possible that further research is needed to establish a definitive correlation.
Step 5: Given the reasonable assumption that a higher CCI could potentially increase the likelihood of sleep disturbances, and the lack of evidence to the contrary, it can be inferred that there might be a statistical association between CCI and Sleep disturbance.

Conclusion: Yes",,,,False,
Education,Alcohol,True,"Reasoning Process:
Step 1: The definition of association states that if knowledge of the value of one variable gives information about the other, they are said to be associated. In this case, if knowing someone's level of education (Education) provides any information about their alcohol consumption (Alcohol), then they are associated.
Step 2: Research in the field of public health and sociology has consistently shown that there is a correlation between education level and alcohol consumption. Generally, individuals with higher levels of education tend to drink less alcohol than those with lower levels of education.
Step 3: Given the consistent correlation found in research, it can be inferred that there is a statistical association between Education and Alcohol.

Conclusion: Yes",,,,False,
Financial_level,Alcohol,True,"Reasoning Process:
Step 1: The definition of association states that if knowledge of one variable gives information about the other, they are said to be associated. In this case, if a person's financial level (Financial_level) could potentially influence their alcohol consumption (Alcohol), or vice versa, they would be associated.
Step 2: Research has shown that there can be a correlation between a person's financial level and their alcohol consumption. For example, people with lower financial levels may turn to alcohol as a coping mechanism, while those with higher financial levels may have more resources to consume alcohol recreationally.
Step 3: Given the evidence that there is a correlation between Financial_level and Alcohol, we can conclude that there is an association between the two variables.

Conclusion: Yes",,,,False,
Smoking,Fear_avoidance,True,"Reasoning Process:
Step 1: Smoking and Fear_avoidance are two distinct variables. Smoking is the action or habit of inhaling and exhaling the smoke of tobacco, while Fear_avoidance is a patient reported questionnaire that focuses on how a patient's fear avoidance beliefs about physical activity and work may affect and contribute to their low back pain and resulting disability.
Step 2: To determine if there is an association between Smoking and Fear_avoidance, we need to consider if knowledge of one variable gives information about the other. In other words, we need to find a statistical dependency between the two variables.
Step 3: Research has shown that there is a statistical association between Smoking and Fear_avoidance. Smokers are more likely to have fear avoidance beliefs, which can lead to avoidance of physical activity and exacerbate chronic pain.

Conclusion: Yes",,,,False,
Sex,Depression,True,"Reasoning Process:
Step 1: Defining the variables: Sex refers to the biological category of male or female, and Depression refers to the PROMIS depression, which are affective and cognitive manifestations of depression.
Step 2: Understanding the question: The question asks if there is an association between Sex and Depression, meaning if knowledge of one variable gives information about the other.
Step 3: Explaining the concept of association: Association refers to any statistical dependency between two variables, regardless of strength or directionality.
Step 4: Considering the variables: Sex and Depression are two distinct variables, and research has shown that there is a statistical association between the two.
Step 5: Conclusion: Given the statistical association between Sex and Depression, the answer is True.

Conclusion: Yes",,,,False,
Sex,Education,True,"Reasoning Process:
Step 1: The question asks if there is a statistical association between Sex and Education.
Step 2: To determine this, we need to consider if knowledge of one variable (Sex) gives information about the other (Education).
Step 3: In general, there is a correlation between education level and various demographic factors, including sex. For example, in many societies, women tend to have lower levels of education compared to men.
Step 4: However, the specific association between Sex and Education can vary greatly depending on factors such as cultural, economic, and social conditions.
Step 5: Since there is a general correlation between Sex and Education, and the specific association can vary, it is reasonable to conclude that there is an association between Sex and Education.

Conclusion: Yes",,,,False,
Sex,Financial_level,True,"Reasoning Process:
Step 1: The question asks if there is a statistical association between Sex and Financial_level.
Step 2: Sex is a categorical variable with two categories (male and female). Financial_level is a continuous variable representing the financial situation of an individual.
Step 3: Statistical association can exist between categorical and continuous variables, as long as there is a significant difference in the distribution of the continuous variable across the categories of the categorical variable.
Step 4: In many cases, there is a relationship between an individual's sex and their financial level, as societal factors, income disparities, and other factors can lead to differences in financial situations between men and women.
Step 5: However, the existence of an association between Sex and Financial_level depends on the specific population being studied and the data available.
Step 6: Without specific data, it is not possible to definitively say whether there is an association between Sex and Financial_level in a given population.
Step 7: Since the question does not provide specific data, the conclusion can only be that it is possible for there to be an association between Sex and Financial_level, but the existence of such an association cannot be definitively confirmed.

Conclusion: Yes",,,,False,
Sex,Obesity,True,"Reasoning Process:
Step 1: Defining the variables: Sex refers to the biological classification of individuals as male or female, while Obesity refers to a condition of having excess body fat.
Step 2: Understanding the question: The question asks if there is a statistical association between Sex and Obesity, meaning if knowledge of one variable gives information about the other.
Step 3: Explaining the concept of association: In statistics, two variables are considered associated if knowledge of one variable gives information about the other, regardless of the strength or directionality of the relationship.
Step 4: Analyzing the variables: Sex and Obesity are not directly related in a causal sense, but there is a statistical association between the two variables due to the fact that certain factors such as diet, lifestyle, and genetics can influence both sex and obesity.
Step 5: Conclusion: Given the statistical association between Sex and Obesity, the answer is True.

Conclusion: Yes",,,,False,
Sex,Smoking,True,"Reasoning Process:
Step 1: Define the variables Sex and Smoking according to the provided definitions.
Step 2: Understand the question to determine if there is a statistical association between the two variables.
Step 3: Recall that a statistical association exists when knowledge of the value of one variable gives information about the other.
Step 4: Consider that there is a well-established association between Sex and Smoking, as men are statistically more likely to smoke than women.
Step 5: Conclude that there is a statistical association between Sex and Smoking.

Conclusion: Yes",,,,False,
Age,Anxiety,True,"Reasoning Process:
Step 1: The question asks if there is a statistical association between Age and Anxiety.
Step 2: To determine this, we need to consider if knowledge of a patient's age provides any information about their anxiety level or vice versa.
Step 3: In general, age and anxiety are not directly related in a causal or predictive manner. However, there can be correlations due to other factors such as lifestyle, genetics, or environmental influences.
Step 4: Since there can be correlations but no direct causal relationship, we can say that there is an association between Age and Anxiety, but it is not a strong or definitive one.
Step 5: Therefore, based on the given context, the association between Age and Anxiety is present, but it is not a strong or definitive one.

Conclusion: Yes",,,,False,
Age,Depression,True,"Reasoning Process:
Step 1: Defining the terms: Age refers to the patient's age, and Depression refers to the PROMIS depression score, which measures affective and cognitive manifestations of depression.
Step 2: Understanding the question: The question asks if there is a statistical association between Age and Depression, meaning if knowledge of one variable gives information about the other.
Step 3: Explaining the concept of association: In statistics, two variables are associated if knowledge of one variable gives information about the other, regardless of the strength or directionality of the relationship.
Step 4: Applying the concept to the question: Since Depression (PROMIS depression score) can potentially be influenced by various factors, including age, there is a statistical association between Age and Depression.

Conclusion: Yes",,,,False,
Age,Education,True,"Reasoning Process:
Step 1: The definition of association states that if knowledge of the value of one variable gives information about the other, they are said to be associated. In this case, if knowing the age of a person can provide some information about their level of education, or vice versa, then they are associated.
Step 2: In general, a person's age can provide some information about their level of education. For example, older individuals are more likely to have completed their education compared to younger individuals. However, it's important to note that this is not always the case, as there are exceptions (e.g., early graduates, lifelong learners, etc.).
Step 3: Given that there is a general correlation between age and education, we can conclude that there is an association between Age and Education.

Conclusion: Yes",,,,False,
Age,Financial_level,True,"Reasoning Process:
Step 1: Age and Financial_level are two separate variables that can be associated if knowledge of one provides information about the other.
Step 2: In general, there is a correlation between age and financial level in many societies, as older individuals often have more years to accumulate wealth and may have higher incomes due to retirement benefits or longer careers.
Step 3: However, this correlation can be influenced by various factors such as education, occupation, and geographical location, which can lead to exceptions and variations in the relationship between Age and Financial_level.
Step 4: Given the general correlation and the possibility of exceptions, it can be said that there is an association between Age and Financial_level, but the strength and directionality of this association can vary.

Conclusion: Yes",,,,False,
Age,Obesity,True,"Reasoning Process:
Step 1: Defining the variables: Age refers to the patient's age and Obesity refers to weight or BMI associations.
Step 2: Understanding the question: The question asks if there is a statistical association between Age and Obesity.
Step 3: Explaining the concept of association: Association refers to any statistical dependency between two variables, regardless of strength or directionality.
Step 4: Considering real-world knowledge: In general, there is a statistical association between Age and Obesity, as older individuals may have a higher risk of obesity due to factors such as decreased metabolism and sedentary lifestyle.
Step 5: Conclusion: Based on the definition of association and real-world knowledge, there is a statistical association between Age and Obesity.

Conclusion: Yes",,,,False,
Age,Sleep disturbance,True,"Reasoning Process:
Step 1: The question asks if there is a statistical association between Age and Sleep disturbance.
Step 2: To determine this, we need to consider if knowledge of a patient's age provides any information about their sleep disturbance, or vice versa.
Step 3: In general, age can affect sleep patterns, with older individuals often experiencing sleep disturbances more frequently than younger individuals. However, this is not a definitive rule and there can be exceptions.
Step 4: Similarly, sleep disturbance can also be influenced by various factors other than age, such as stress, lifestyle, and health conditions.
Step 5: Since there is a possibility that age and sleep disturbance are associated, but not in a deterministic manner, we cannot definitively say that there is a strong or causal relationship between the two.
Step 6: Therefore, based on the given information, we can conclude that there is an association between Age and Sleep disturbance, but it is not a strong or causal relationship.

Conclusion: Yes",,,,False,
Age,Smoking,True,"Reasoning Process:
Step 1: Defining the variables Age and Smoking as per the given context.
Step 2: Understanding the definition of association as any statistical dependency between two variables, regardless of strength or directionality.
Step 3: Considering that smoking is a behavior that can be influenced by age, as older individuals may have started smoking at a younger age and may continue into their older years, or may have quit.
Step 4: Recognizing that the prevalence of smoking can vary significantly among different age groups, with younger individuals generally having a higher prevalence of smoking compared to older individuals.
Step 5: Concluding that there is a statistical association between Age and Smoking, as the prevalence of smoking varies with age.

Conclusion: Yes",,,,False,
Sleep disturbance,PEG,True,"Reasoning Process:
Step 1: The question asks if there is a statistical association between Sleep disturbance and PEG, which means we need to determine if knowledge of one variable provides information about the other.
Step 2: Sleep disturbance is a self-reported measure of sleep quality, sleep depth, and restoration, while PEG is a measure of pain interference and pain intensity due to chronic low back pain.
Step 3: It is plausible that chronic pain, as measured by PEG, could affect sleep quality, leading to a sleep disturbance. Conversely, poor sleep quality could potentially exacerbate pain, leading to increased PEG scores.
Step 4: However, without specific data or research findings, it is not possible to definitively state whether there is a statistical association between Sleep disturbance and PEG.
Step 5: Since there is a possibility that the two variables could be related, we cannot conclude that there is no association between Sleep disturbance and PEG.

Conclusion: Yes",,,,False,
Alcohol,Depression,True,"Reasoning Process:
Step 1: Alcohol consumption can lead to various health issues, including liver disease, addiction, and mental health problems. Among these, depression is a known complication of alcohol abuse.
Step 2: Depression, on the other hand, is not typically a direct cause of alcohol consumption. While stress and other emotional factors may lead some individuals to turn to alcohol, the causal relationship is generally considered to be from alcohol to depression, not the other way around.

Conclusion: A",,,,True,
Alcohol,Obesity,True,"Reasoning Process:
Step 1: Alcohol consumption can lead to increased calorie intake, which may contribute to weight gain and obesity.
Step 2: There is no direct biological mechanism known that suggests obesity causes increased alcohol consumption.
Step 3: The relationship between alcohol and obesity is complex, but the evidence generally suggests a causal relationship from alcohol to obesity, not the other way around.

Conclusion: A",,,,True,
Alcohol,Sleep disturbance,True,"Reasoning Process:
Step 1: Alcohol consumption is a behavior that can be directly influenced by an individual's choice and lifestyle, not typically a direct result of sleep quality.
Step 2: Sleep disturbance, on the other hand, can potentially indirectly influence alcohol consumption through factors such as stress, anxiety, or depression, which are known to be associated with both poor sleep and increased alcohol consumption.
Step 3: The direct causation of alcohol consumption by sleep disturbance is less likely due to the lack of a clear biological mechanism linking the two variables.

Conclusion: A",,,,True,
Smoking,Alcohol,True,"Reasoning Process:
Step 1: Alcohol and smoking are two separate substances and habits, each with their own independent factors influencing their adoption.
Step 2: There is no biological or psychological evidence that suggests alcohol consumption directly causes smoking, or that it does so through any intermediate variables.
Step 3: On the other hand, there is a well-established link between smoking and alcohol consumption, as smoking can lead to increased alcohol consumption due to factors such as stress relief, social norms, and mood enhancement.
Step 4: Therefore, it is more likely that smoking causes alcohol consumption, rather than the other way around.

Conclusion: B",,,,True,
Catastrophizing,Anxiety,True,"Reasoning Process:
Step 1: Given the definition of PROMIS anxiety, it includes symptoms such as fear, worry, feelings of panic, and hyperarousal. These symptoms are not directly related to the inability to prevent or inhibit pain-related thoughts, which is a key component of pain catastrophizing.
Step 2: On the other hand, the definition of pain catastrophizing includes the tendency to magnify the threat value of a pain stimulus and to feel helpless in the presence of pain. These symptoms could potentially lead to increased anxiety, as the individual may worry about the pain and feel overwhelmed.
Step 3: Therefore, it is more likely that pain catastrophizing causes anxiety, as the symptoms of pain catastrophizing could lead to increased fear, worry, and feelings of panic, which are symptoms of anxiety.

Conclusion: B",,,,True,
Depression,Anxiety,True,"Reasoning Process:
Step 1: Both PROMIS anxiety and PROMIS depression are psychological conditions that often co-occur, meaning they can exist simultaneously in an individual. However, the definitions provided for each variable suggest that PROMIS anxiety focuses on fear, anxiety, and related symptoms, while PROMIS depression focuses on affective and cognitive manifestations of depression.
Step 2: The symptoms described in the definition of PROMIS anxiety, such as fear, worry, feelings of panic, and hyperarousal, are not directly related to the symptoms described in the definition of PROMIS depression, such as affective and cognitive manifestations of depression.
Step 3: Given that the symptoms of PROMIS anxiety do not seem to be directly related to the symptoms of PROMIS depression, it is more likely that depression causes anxiety, rather than anxiety causing depression.

Conclusion: B",,,,True,
Financial_level,Anxiety,True,"Reasoning Process:
Step 1: Given the definition of PROMIS anxiety, it focuses on emotional and physical symptoms related to fear and anxiety. These symptoms are not directly related to financial level or socioeconomic status.
Step 2: On the other hand, financial level is a measure of a person's financial resources, which can indirectly affect anxiety levels. For example, financial stress or worry about meeting financial obligations can lead to anxiety.
Step 3: Therefore, it is more likely that Financial_level causes Anxiety, as financial stress can lead to anxiety symptoms.

Conclusion: B",,,,True,
Anxiety,Obesity,True,"Reasoning Process:
Step 1: Obesity is a physical condition related to an individual's weight, while anxiety is a psychological state. Physical conditions are typically not directly caused by psychological states.
Step 2: There is a significant body of evidence suggesting that psychological factors, such as stress and depression, can contribute to weight gain. However, the causal relationship is more complex and often bidirectional, with weight gain potentially leading to increased stress and depression. In this case, the PROMIS anxiety definition does not explicitly mention weight gain or obesity as a direct symptom.
Step 3: The PROMIS anxiety definition focuses on symptoms such as fear, worry, feelings of panic, hyperarousal, and somatic symptoms related to arousal. These symptoms are not typically associated with weight gain or obesity.

Conclusion: A",,,,True,
Sleep disturbance,Anxiety,True,"Reasoning Process:
Step 1: Given the definition of PROMIS anxiety, it includes symptoms such as fear, worry, feelings of panic, and hyperarousal, which are not directly related to sleep disturbance.
Step 2: On the other hand, the definition of Sleep disturbance does not include any symptoms that are directly related to anxiety, such as fear, worry, or feelings of panic.
Step 3: Therefore, it is more likely that Sleep disturbance does not cause Anxiety, as there is no direct or indirect relationship between the two based on the given definitions.

Conclusion: B",,,,True,
Smoking,Anxiety,True,"Reasoning Process:
Step 1: Smoking is a physical action and does not inherently involve fear, worry, dread, tension, nervousness, restlessness, or somatic symptoms related to arousal, which are the key components of PROMIS anxiety.
Step 2: There is a well-established link between smoking and various physical health issues, such as cardiovascular disease and respiratory problems. These health issues can cause anxiety due to the fear of the consequences of the smoking habit.
Step 3: However, the onset of smoking typically precedes the development of these health issues, suggesting a causal relationship from Smoking to Anxiety, rather than the other way around.

Conclusion: B",,,,True,
Obesity,CCI,True,"Reasoning Process:
Step 1: Given that the Comorbidity Index (CCI) measures the number of comorbidities, it is a measure of the presence of multiple health conditions. These health conditions could include obesity, but it is not a direct measure of weight or BMI.
Step 2: Obesity, on the other hand, can lead to various health conditions, some of which are included in the CCI. For example, obesity is a known risk factor for conditions such as diabetes, heart disease, and certain types of cancer, which are often included in a comorbidity index.
Step 3: Therefore, it is more likely that Obesity causes CCI, as obesity can lead to the development of multiple health conditions, some of which are included in the CCI.

Conclusion: B",,,,True,
Smoking,CCI,True,"Reasoning Process:
Step 1: Smoking is a behavior that can lead to various health issues, including respiratory diseases and cardiovascular diseases. These diseases can increase the number of comorbidities a person has, which is what the CCI measures.
Step 2: There is no direct biological mechanism known that suggests an increase in comorbidities would cause someone to start smoking.

Conclusion: B",,,,True,
Catastrophizing,Depression,True,"Reasoning Process:
Step 1: Pain catastrophizing is a tendency to magnify the threat value of pain and feel helpless in the presence of pain, which can lead to negative emotions such as depression.
Step 2: Depression is characterized by affective and cognitive manifestations of depression, which can include feelings of helplessness and negative thoughts, similar to those seen in pain catastrophizing.
Step 3: While both conditions can influence each other, the presence of pain catastrophizing may precede the development of depression, as the constant magnification of pain and feelings of helplessness can lead to a depressive state.

Conclusion: A",,,,True,
Catastrophizing,Fear_avoidance,True,"Reasoning Process:
Step 1: Given the definition of Pain catastrophizing, it involves a tendency to magnify the threat value of a pain stimulus and feel helpless in the presence of pain, as well as a relative inability to prevent or inhibit pain-related thoughts. This suggests a psychological response to pain.
Step 2: Fear avoidance, on the other hand, is about a patient's fear avoidance beliefs about physical activity and work, which may affect and contribute to their low back pain and resulting disability. This seems to be more related to the patient's behavior and attitudes towards physical activity.
Step 3: Given that pain catastrophizing is a psychological response to pain, it is more likely that this psychological state could influence a patient's fear avoidance beliefs, rather than the other way around. For instance, a person who catastrophizes about pain might be more likely to avoid physical activity out of fear of exacerbating the pain.

Conclusion: A",,,,True,
Catastrophizing,Sleep disturbance,True,"Reasoning Process:
Step 1: Given the definition of Pain Catastrophizing, it is a psychological response to pain that involves magnifying the threat value of pain, feeling helpless, and having a relative inability to prevent or inhibit pain-related thoughts. This suggests that it is a mental or emotional state that can be triggered by the presence of pain.
Step 2: Sleep disturbance, on the other hand, is a self-reported perception of sleep quality, sleep depth, and restoration associated with sleep. It is not directly related to mental or emotional states, but rather to the quality of sleep itself.
Step 3: Therefore, it is more likely that Sleep disturbance does not directly cause Catastrophizing, as it is not a mental or emotional state that can be directly influenced by sleep quality.
Step 4: However, it is possible that Sleep disturbance could indirectly influence Catastrophizing through its impact on mood, stress levels, or other psychological factors. For example, poor sleep could lead to increased stress, which in turn could lead to increased Pain Catastrophizing.
Step 5: However, the direct causal relationship between Sleep disturbance and Catastrophizing is less likely than the reverse, as the definition of Catastrophizing suggests it is a response to pain, not a cause of it.
Step 6: Therefore, the causal direction is more likely to be Catastrophizing causes Sleep disturbance.

Conclusion: A",,,,True,
Education,Depression,True,"Reasoning Process:
Step 1: Depression and Education are two distinct concepts, each with its own set of factors and influences.
Step 2: There is no inherent mechanism or evidence suggesting that PROMIS depression (depression) directly causes a change in Education.
Step 3: On the other hand, Education can influence a person's mental health, including their risk of depression. For example, higher education may provide better coping skills, social support, and access to mental health resources.
Step 4: Therefore, it is more likely that Education causes Depression.

Conclusion: B",,,,True,
Fear_avoidance,Depression,True,"Reasoning Process:
Step 1: Given the definition of PROMIS depression, it refers to affective and cognitive manifestations of depression. This suggests that it is a psychological state, which is a subjective experience.
Step 2: On the other hand, the definition of Fear avoidance suggests that it is a patient-reported questionnaire focusing on fear avoidance beliefs about physical activity and work. This implies that it is a behavioral or attitudinal response to a perceived threat.
Step 3: It is more likely that a psychological state (depression) could influence a behavioral or attitudinal response (fear avoidance), rather than the other way around. This is because psychological states are often thought to influence behavior, while behavioral responses do not typically cause psychological states.

Conclusion: B",,,,True,
Financial_level,Depression,True,"Reasoning Process:
Step 1: Given the definition of PROMIS depression, it refers to the emotional and cognitive aspects of depression. These symptoms are internal states and are not directly influenced by external factors such as financial level.
Step 2: On the other hand, financial level is an external factor that can affect various aspects of a person's life, including their mental health. Financial stress is a known risk factor for depression.
Step 3: Therefore, it is more likely that Financial_level causes Depression, as financial stress can lead to depression through the intermediate variable of stress and mental health.

Conclusion: B",,,,True,
Obesity,Depression,True,"Reasoning Process:
Step 1: Obesity is a physical condition related to weight and body mass index, while PROMIS depression is a psychological condition related to affective and cognitive manifestations of depression. Therefore, it is more likely that physical conditions do not directly cause psychological conditions.
Step 2: Research has shown that obesity can lead to various psychological issues, including depression, due to social stigma, low self-esteem, and other health problems associated with obesity. This suggests a causal relationship from Obesity to Depression.
Step 3: On the other hand, depression can lead to changes in lifestyle, such as poor diet and lack of exercise, which can contribute to weight gain and obesity. However, these changes are indirect and occur as a result of depression, not as a direct cause.
Step 4: Given the evidence that obesity can directly cause depression and the indirect relationship between depression and obesity, it is more likely that Obesity causes Depression.
Step 5: In the absence of strong evidence for a direct causal relationship between depression and obesity, and given the evidence for a direct causal relationship from obesity to depression, the most parsimonious explanation is that Obesity causes Depression.

Conclusion: B",,,,True,
Sleep disturbance,Depression,True,"Reasoning Process:
Step 1: Given the definition of PROMIS depression, it refers to affective and cognitive manifestations of depression. These are psychological symptoms, not physical changes that could directly affect sleep.
Step 2: On the other hand, the definition of Sleep disturbance suggests it is related to self-reported perceptions of sleep quality, sleep depth, and restoration. These factors can be influenced by various physical and psychological conditions, including depression.
Step 3: Therefore, it is more likely that Sleep disturbance causes Depression, as sleep problems can lead to or exacerbate feelings of depression due to the impact on mood and overall well-being.

Conclusion: B",,,,True,
Smoking,Depression,True,"Reasoning Process:
Step 1: Smoking is a behavioral activity that involves the inhalation of tobacco smoke. This action does not inherently cause affective and cognitive manifestations of depression, which are the components of PROMIS depression.
Step 2: On the other hand, smoking is associated with several health issues, including cardiovascular disease, respiratory problems, and certain types of cancer. These health issues can lead to a decline in overall quality of life, which may increase the risk of developing depression.
Step 3: Additionally, nicotine, a substance found in tobacco, can affect the brain's reward system and lead to addiction. This addiction can cause stress and anxiety, which are symptoms of depression.
Step 4: In summary, while there is a correlation between smoking and depression, the causal relationship is more likely to be from smoking causing depression, as smoking can lead to health issues and affect the brain's reward system, increasing the risk of depression.

Conclusion: B",,,,True,
Education,Financial_level,True,"Reasoning Process:
Step 1: Identifying potential intermediate variables that could link the two variables
Step 2: Considering variables that are typically influenced by Education, such as job opportunities, skills, and knowledge
Step 3: Job opportunities and skills are often associated with higher income, suggesting a potential causal relationship from Education to Financial_level
Step 4: On the other hand, Financial_level can influence Education indirectly through the ability to afford educational resources, but it is less likely to have a direct causal effect on Education
Step 5: Weighing the potential causal relationships based on the strength and directness of the links between the variables
Step 6: Considering the direct and immediate impact of Education on job opportunities and skills, which are key factors in determining Financial_level

Conclusion: A",,,,True,
Obesity,Education,True,"Reasoning Process:
Step 1: Obesity is often associated with lower socioeconomic status, which is linked to lower levels of education.
Step 2: There is no evidence or established mechanism that suggests education directly causes obesity.

Conclusion: B",,,,True,
Smoking,Education,True,"Reasoning Process:
Step 1: Smoking is a behavior that is often influenced by various factors, including personal choices, social norms, and access to resources. Education, however, is not typically considered a direct factor influencing the act of smoking.
Step 2: While education may indirectly influence smoking through factors such as income level or access to health information, there is no strong evidence to suggest that education directly causes smoking.
Step 3: On the other hand, smoking can have a direct impact on education. Smoking can lead to health issues, such as respiratory problems, which can affect a person's ability to focus and perform well in school. Additionally, smoking can lead to financial burdens due to the costs of tobacco products and potential health care expenses, which can impact a person's ability to afford education.
Step 4: Given the above points, it is more likely that Smoking causes Education, as smoking can have a direct impact on a person's ability to focus and afford education due to health issues and financial burdens.

Conclusion: B",,,,True,
Financial_level,Obesity,True,"Reasoning Process:
Step 1: Obesity is often influenced by factors such as diet and physical activity, which can be affected by financial resources. For example, a higher financial level may allow for access to healthier food options and gym memberships.
Step 2: However, it's also possible that being obese or overweight can lead to financial difficulties due to increased healthcare costs and reduced productivity. But this effect is generally considered to be a consequence rather than a cause.
Step 3: Given that the primary factors influencing obesity are more directly related to lifestyle choices, and financial level can indirectly influence these choices, it's more likely that Financial_level causes Obesity.

Conclusion: A",,,,True,
Smoking,Financial_level,True,"Reasoning Process:
Step 1: Smoking is a personal habit and not directly influenced by financial level. It is not typically considered that a higher or lower financial level would cause someone to start or stop smoking.
Step 2: On the other hand, smoking can have significant financial implications. Smoking is associated with increased healthcare costs due to smoking-related diseases, and these costs can strain a person's financial resources, potentially leading to a lower financial level.

Conclusion: B",,,,True,
Sleep disturbance,Obesity,True,"Reasoning Process:
Step 1: Obesity is a physical condition related to an individual's weight, which is measurable and can be influenced by factors such as diet and exercise. Sleep disturbance, on the other hand, is a subjective perception of one's sleep quality, depth, and restoration.
Step 2: It is generally accepted that physical conditions, such as obesity, do not typically change based on subjective perceptions, like sleep quality. Instead, physical conditions can potentially affect subjective perceptions, such as sleep quality.
Step 3: Therefore, it is more likely that Sleep disturbance causes Obesity, as poor sleep quality could potentially lead to changes in diet and exercise habits, which in turn could contribute to weight gain and obesity.

Conclusion: B",,,,True,
Smoking,Obesity,True,"Reasoning Process:
Step 1: Obesity is a condition related to body weight, while smoking is a habit related to the consumption of tobacco. Initially, it seems unlikely that obesity would directly cause someone to start smoking.
Step 2: Research has consistently shown that smoking can lead to weight gain, particularly in the form of central obesity. This is due to the increased appetite and metabolic changes caused by smoking.
Step 3: There is also evidence that smoking can make it more difficult to lose weight, as nicotine can suppress appetite and increase metabolism in the short term, but long-term smoking can lead to weight gain.
Step 4: On the other hand, it is less common for obesity to directly cause someone to start smoking, as smoking is a behavioral choice rather than a physiological response to weight gain.

Conclusion: B",,,,True,
Smoking,Sleep disturbance,True,"Reasoning Process:
Step 1: Identify potential intermediate variables that could link the two variables
Step 2: Consider the physiological effects of smoking on the body, such as increased heart rate, blood pressure, and carbon monoxide levels, which could potentially disrupt sleep
Step 3: Consider the psychological effects of smoking, such as nicotine withdrawal symptoms (e.g., irritability, anxiety) that could potentially disrupt sleep
Step 4: Consider the lifestyle factors associated with smoking, such as irregular sleep patterns or sleep deprivation due to late-night smoking, which could potentially affect sleep quality
Step 5: Consider the self-reported nature of sleep disturbance, which could potentially be influenced by the individual's perception of their smoking habits and its impact on their sleep
Step 6: Weigh the evidence and determine the direction of causality based on the preponderance of evidence

Conclusion: B",,,,True,
