Var1,Var2,Temporality,Temporality Reasoning,Temporality Report,Plausibility Report,Association Report,Direction_Resolved
Alcohol,Depression,True,"Reasoning Process:
Step 1: Alcohol consumption (Alcohol) can have an impact on a person's mental health, including their mood and cognitive functions.
Step 2: Depression (Depression) is a mental health disorder characterized by persistent feelings of sadness, hopelessness, and a lack of interest or pleasure in activities.
Step 3: There is evidence to suggest that heavy alcohol consumption can lead to or worsen symptoms of depression, such as feelings of sadness, anxiety, and hopelessness.
Step 4: However, it's important to note that the relationship between alcohol consumption and depression is complex and can be influenced by various factors, such as genetics, personal history, and social environment.
Step 5: In this context, the question asks for a causal relationship where a change in Alcohol precedes and leads to a change in Depression. While there is evidence to support this, it's crucial to consider that other factors may also play a role.
Step 6: Given the evidence and the complexity of the relationship, it's reasonable to conclude that there is a potential causal relationship between Alcohol and Depression, but it's not absolute.

Conclusion: Yes",,,,False
Alcohol,Sleep disturbance,True,"Reasoning Process:
Step 1: Alcohol consumption can affect sleep quality and quantity due to its depressant effects on the central nervous system.
Step 2: Increased alcohol consumption can lead to sleep disturbances such as insomnia, sleep apnea, and restless sleep.
Step 3: There is a temporal relationship between alcohol consumption and sleep disturbance, as alcohol is typically consumed in the evening and can affect sleep that night.
Step 4: The relationship between alcohol and sleep disturbance is supported by numerous studies and is well-established in the medical literature.

Conclusion: Yes",,,,False
Catastrophizing,Fear_avoidance,True,"Reasoning Process:
Step 1: Define the question: The question asks if there is a causal relationship between Catastrophizing and Fear_avoidance, where Catastrophizing temporally precedes and influences Fear_avoidance.
Step 2: Understand the variables: Catastrophizing is a tendency to magnify the threat value of pain and feel helpless in the presence of pain, while Fear_avoidance is a patient's fear avoidance beliefs about physical activity and work that may affect low back pain and resulting disability.
Step 3: Consider the nature of the relationship: The question asks for a directional causal link, meaning that Catastrophizing should precede Fear_avoidance. This suggests a potential psychological or cognitive pathway where Catastrophizing leads to Fear_avoidance.
Step 4: Evaluate the evidence: The evidence suggests that Catastrophizing can lead to increased fear and anxiety about pain, which in turn can lead to avoidance behaviors. This is supported by research showing that high levels of pain catastrophizing are associated with increased fear avoidance beliefs.
Step 5: Conclusion: Based on the evidence, it appears that there is a causal relationship where Catastrophizing precedes and leads to Fear_avoidance, either directly or through one or more intermediate variables. Therefore, the answer is True.

Conclusion: Yes",,,,False
Depression,Catastrophizing,True,"Reasoning Process:
Step 1: Define the variables Depression and Catastrophizing based on the provided definitions.
Step 2: Understand the question is asking for a causal relationship where Depression precedes and leads to a change in Catastrophizing.
Step 3: Consider the definitions of Depression and Catastrophizing. Depression is a set of affective and cognitive manifestations, while Catastrophizing is a tendency to magnify the threat value of a pain stimulus and feel helpless in the presence of pain.
Step 4: Given the definitions, it is plausible that Depression (affective and cognitive manifestations) could potentially influence Catastrophizing (pain-related thoughts and feelings of helplessness).
Step 5: However, the question asks for a causal relationship where Depression temporally precedes and influences Catastrophizing. This implies a directional causal link, meaning Depression must come before Catastrophizing.
Step 6: There is evidence to suggest that Depression can precede and influence Catastrophizing. For example, individuals with depression may have negative thoughts and feelings that could lead to catastrophizing about their pain.
Step 7: In conclusion, based on the provided definitions and available evidence, it is plausible that Depression can precede and influence Catastrophizing, thus satisfying the conditions for a causal relationship.

Conclusion: Yes",,,,False
Depression,Sleep disturbance,True,"Reasoning Process:
Step 1: Depression, as defined by PROMIS, includes affective and cognitive manifestations. These symptoms can include changes in mood, thoughts, and feelings, which can directly impact an individual's sleep quality.
Step 2: Sleep disturbance, as defined, is based on self-reported perceptions of sleep quality, sleep depth, and restoration. These perceptions can be influenced by various factors, including mood and feelings, which are components of depression.
Step 3: Given that depression can directly affect an individual's mood and feelings, which in turn can influence their perception of sleep quality, sleep depth, and restoration, it is reasonable to infer a causal relationship where a change in Depression precedes and leads to a change in Sleep disturbance.

Conclusion: Yes",,,,False
Education,Depression,True,"Reasoning Process:
Step 1: The question asks if there is a causal relationship between Education and Depression, where Education temporally precedes and influences Depression.
Step 2: To answer this question, we need to consider if there is empirical evidence that shows a change in Education leads to a change in Depression, either directly or through one or more intermediate variables.
Step 3: While it is known that stress, financial difficulties, and other factors associated with lower levels of education can contribute to depression, it is not accurate to say that Education directly causes Depression.
Step 4: However, it is also true that higher levels of education can provide individuals with better coping mechanisms, social support, and access to mental health resources, which may help reduce the risk of depression.
Step 5: Therefore, while Education may not directly cause Depression, it can indirectly influence Depression through these intermediate variables.
Step 6: In summary, there is a causal relationship between Education and Depression, but it is indirect, not direct.
Step 7: Since the causal relationship is indirect, it is consistent with a directional causal link where Education temporally precedes and influences Depression.

Conclusion: Yes",,,,False
Education,Financial_level,True,"Reasoning Process:
Step 1: The question asks if there is a causal relationship between Education and Financial_level, where Education precedes and influences Financial_level.
Step 2: To answer this question, we need to consider if there is evidence that a change in Education leads to a change in Financial_level, either directly or through one or more intermediate variables.
Step 3: Research has shown that education often leads to better job opportunities, higher salaries, and improved financial stability, which can be considered as intermediate variables.
Step 4: Additionally, it is generally accepted that education can provide individuals with the skills and knowledge necessary to manage their finances more effectively.
Step 5: Therefore, it can be inferred that a change in Education can lead to a change in Financial_level, either directly or through one or more intermediate variables.
Step 6: Based on this reasoning, it can be concluded that there is a causal relationship between Education and Financial_level, where Education temporally precedes and influences Financial_level.

Conclusion: Yes",,,,False
Education,Smoking,True,"Reasoning Process:
Step 1: The question asks if there is a causal relationship between Education and Smoking, where Education precedes and leads to a change in Smoking.
Step 2: To answer this question, we need to consider if there is evidence that a change in Education level can influence the habit of smoking, either directly or through one or more intermediate variables.
Step 3: Research has shown that education level can influence smoking habits, as individuals with higher levels of education are generally less likely to smoke than those with lower levels of education.
Step 4: This is because higher levels of education often lead to increased knowledge about the health risks associated with smoking, as well as the development of critical thinking skills that help individuals make healthier choices.
Step 5: Additionally, there may be intermediate variables such as socioeconomic status, peer pressure, and access to information that can mediate the relationship between Education and Smoking.
Step 6: However, it's important to note that the relationship between Education and Smoking is complex and influenced by a variety of factors, and not every individual will follow this pattern.
Step 7: In conclusion, there is evidence to suggest a causal relationship where a change in Education level can precede and lead to a change in Smoking, either directly or through one or more intermediate variables.

Conclusion: Yes",,,,False
Smoking,Anxiety,True,"Reasoning Process:
Step 1: Smoking is a behavior that involves the inhalation of tobacco smoke, which contains numerous harmful chemicals. Some of these chemicals can affect the body's nervous system, potentially leading to changes in mood and emotional state.
Step 2: Anxiety, as defined by PROMIS, is a state characterized by fear, worry, feelings of panic, anxious misery, hyperarousal, and somatic symptoms related to arousal. These symptoms can be influenced by various factors, including mental and physical health conditions, stress, and environmental factors.
Step 3: While there is evidence that smoking can contribute to the development and exacerbation of anxiety disorders, the relationship between the two is complex and bidirectional. This means that smoking can potentially lead to anxiety, but it's also possible for anxiety to lead to increased smoking as a coping mechanism.
Step 4: In order to establish a causal relationship where a change in Smoking precedes and leads to a change in Anxiety, we would need to rule out the possibility of reverse causality (anxiety leading to increased smoking). However, given the evidence that smoking can contribute to the development and exacerbation of anxiety disorders, it's reasonable to conclude that there is a causal relationship where a change in Smoking can potentially lead to a change in Anxiety.

Conclusion: Yes",,,,False
Smoking,CCI,True,"Reasoning Process:
Step 1: Smoking is an action that involves the inhalation of tobacco smoke, which is known to have harmful effects on various organs in the body.
Step 2: Comorbidity Index (CCI) is a measure of the number of comorbidities a patient has, which are the presence of two or more chronic diseases or conditions in a patient.
Step 3: There is substantial evidence that smoking can lead to various chronic diseases such as heart disease, stroke, lung disease, and cancer, which are often included in the CCI.
Step 4: Since smoking can cause these chronic diseases, it is reasonable to infer that a change in smoking behavior (increase or decrease) can precede and lead to a change in CCI, as an increase in smoking can lead to an increase in the number of comorbidities.
Step 5: However, it's important to note that there may be other factors that can influence both smoking behavior and CCI, such as genetics, lifestyle, and environment. Therefore, while there is a causal relationship between smoking and CCI, it is not the only factor.

Conclusion: Yes",,,,False
Age,Depression,True,"Reasoning Process:
Step 1: The question asks if there is a causal relationship between Age and Depression, where Age temporally precedes and influences Depression.
Step 2: In the context of chronic pain, aging can lead to an increased risk of developing depression due to factors such as physical health decline, social isolation, and reduced mobility. However, it's important to note that this is a complex relationship and not all older adults will develop depression.
Step 3: While aging can increase the risk of depression, it does not necessarily mean that a change in Age directly causes a change in Depression. There are likely multiple factors at play, and Age is just one of them.
Step 4: The question also asks for a directional causal link, meaning that Age must precede Depression. In this case, Age does precede Depression, as aging is a continuous process.
Step 5: Given the above, it can be concluded that there is a potential causal relationship between Age and Depression, but it is not a direct causal link and there are likely multiple factors involved.

Conclusion: Yes",,,,False
