Var1,Var2,Temporality,Temporality Reasoning,Temporality Report,Proto,Plausibility Report,Association Report,Causal Literature Report,Direction_Resolved,Direction Report
Alcohol,Financial_level,False,"Reasoning Process:
Step 1: Alcohol consumption (Alcohol) is a behavior that can affect an individual's personal finances, but it is not a direct determinant of financial level (Financial_level).
Step 2: Indirect effects of Alcohol on Financial_level might occur through factors such as lost productivity, health issues, or legal problems, but these are not causal links where Alcohol temporally precedes Financial_level.
Step 3: Therefore, based on the given context, there is no causal relationship where a change in Alcohol precedes and leads to a change in Financial_level.

Conclusion: No",,True,,,,False,
Alcohol,Sleep disturbance,True,"Reasoning Process:
Step 1: Alcohol consumption can affect sleep quality and quantity due to its depressant effects on the central nervous system.
Step 2: Increased alcohol consumption can lead to sleep disturbances such as insomnia, sleep apnea, and restless sleep.
Step 3: There is a temporal relationship between alcohol consumption and sleep disturbance, as alcohol is typically consumed in the evening and can affect sleep that night.
Step 4: The relationship between alcohol and sleep disturbance is supported by numerous studies and is well-established in the medical literature.

Conclusion: Yes",,False,,,,False,
Anxiety,Catastrophizing,False,"Reasoning Process:
Step 1: The PROMIS anxiety variable focuses on fear, anxious misery, hyperarousal, and somatic symptoms related to arousal. These symptoms can include tension, nervousness, restlessness, and cardiovascular symptoms.
Step 2: Pain catastrophizing score is characterized by the tendency to magnify the threat value of a pain stimulus, feel helpless in the presence of pain, and have a relative inability to prevent or inhibit pain-related thoughts.
Step 3: There is no explicit mention of a direct causal relationship between Anxiety and Catastrophizing in the provided definitions. However, it is plausible that high levels of anxiety could lead to increased pain catastrophizing due to the shared symptom of tension and nervousness.
Step 4: To establish a causal relationship, we would need evidence showing that changes in Anxiety levels precede changes in Catastrophizing levels, and that this relationship is consistent over time and across different individuals.
Step 5: Without such evidence, it is not possible to definitively state that there is a causal relationship between Anxiety and Catastrophizing.
Step 6: Therefore, based on the provided definitions and the lack of evidence for a causal relationship, the conclusion is that there is no definitive causal relationship between Anxiety and Catastrophizing.

Conclusion: No",,True,,,,False,
Anxiety,Depression,False,"Reasoning Process:
Step 1: The PROMIS anxiety definition includes symptoms such as fear, worry, feelings of panic, anxious misery, hyperarousal, tension, nervousness, restlessness, and somatic symptoms related to arousal. These symptoms can significantly impact a person's emotional state and well-being.
Step 2: The PROMIS depression definition focuses on the affective and cognitive manifestations of depression. These can include feelings of sadness, hopelessness, and a lack of interest or pleasure in activities, among others.
Step 3: While it is common for anxiety and depression to co-occur, there is no definitive evidence that a change in anxiety always precedes and leads to a change in depression. The relationship between the two is complex and can be influenced by a variety of factors, including genetics, environment, and personal experiences.
Step 4: In the absence of a clear causal relationship, it is not possible to definitively state that anxiety temporally precedes and influences depression in a way consistent with a directional causal link.
Step 5: Therefore, based on the given definitions and the lack of a clear causal relationship, the conclusion is that there is not a causal relationship where a change in Anxiety precedes and leads to a change in Depression.

Conclusion: No",,True,,,,False,
Anxiety,Financial_level,False,"Reasoning Process:
Step 1: The PROMIS anxiety variable focuses on fear, anxious misery, hyperarousal, and somatic symptoms related to arousal. These symptoms are psychological and emotional in nature, and do not directly influence financial level.
Step 2: Financial level is a measure of a person's financial situation, which is typically influenced by factors such as income, employment, savings, and debt, among others. These factors are not directly related to psychological or emotional states.
Step 3: In the absence of any specific intermediate variables that could link anxiety and financial level, there is no evidence to suggest a causal relationship where a change in Anxiety precedes and leads to a change in Financial_level.
Step 4: To establish a causal relationship, we would need to identify a mechanism or intermediate variable that connects anxiety and financial level, and demonstrate that changes in anxiety precede changes in this intermediate variable, which in turn lead to changes in financial level.
Step 5: Without such a mechanism or intermediate variable, it is not possible to conclude that there is a causal relationship between Anxiety and Financial_level.
Step 6: Therefore, based on the given definitions and the lack of a demonstrated mechanism or intermediate variable, it is not possible to conclude that there is a causal relationship between Anxiety and Financial_level.

Conclusion: No",,True,,,,False,
Anxiety,Sleep disturbance,False,"Reasoning Process:
Step 1: The PROMIS anxiety scale focuses on fear, anxious misery, hyperarousal, and somatic symptoms related to arousal. These symptoms can include cardiovascular symptoms and dizziness, which are physical sensations that could potentially disrupt sleep.
Step 2: Sleep disturbance, on the other hand, assesses self-reported perceptions of sleep quality, sleep depth, and restoration associated with sleep. It is a summary score on the general perception of sleep quality.
Step 3: While there is a potential for anxiety to indirectly influence sleep disturbance through the physical symptoms it can cause, there is no definitive evidence to suggest a direct causal relationship where anxiety temporally precedes and leads to sleep disturbance consistently.
Step 4: The causal relationship between anxiety and sleep disturbance is complex and multifactorial, with numerous intermediate variables that could potentially mediate or moderate this relationship. These variables include, but are not limited to, stress, depression, and certain medications.
Step 5: In the absence of a clear temporal precedence and consistent directional causal link, it is not possible to definitively state that anxiety causes sleep disturbance.
Step 6: Therefore, based on the given context and definitions, the conclusion is that there is not a causal relationship where a change in Anxiety precedes and leads to a change in Sleep disturbance.

Conclusion: No",,True,,,,False,
Catastrophizing,Fear_avoidance,True,"Reasoning Process:
Step 1: Define the question: The question asks if there is a causal relationship between Catastrophizing and Fear_avoidance, where Catastrophizing temporally precedes and influences Fear_avoidance.
Step 2: Understand the variables: Catastrophizing is a tendency to magnify the threat value of pain and feel helpless in the presence of pain, while Fear_avoidance is a patient's fear avoidance beliefs about physical activity and work that may affect low back pain and resulting disability.
Step 3: Consider the nature of the relationship: The question asks for a directional causal link, meaning that Catastrophizing should precede Fear_avoidance. This suggests a potential psychological or cognitive pathway where Catastrophizing leads to Fear_avoidance.
Step 4: Evaluate the evidence: The evidence suggests that Catastrophizing can lead to increased fear and anxiety about pain, which in turn can lead to avoidance behaviors. This is supported by research showing that high levels of pain catastrophizing are associated with increased fear avoidance beliefs.
Step 5: Conclusion: Based on the evidence, it appears that there is a causal relationship where Catastrophizing precedes and leads to Fear_avoidance, either directly or through one or more intermediate variables. Therefore, the answer is True.

Conclusion: Yes",,True,,,,False,
Depression,Catastrophizing,True,"Reasoning Process:
Step 1: Define the variables Depression and Catastrophizing based on the provided definitions.
Step 2: Understand the question is asking for a causal relationship where Depression precedes and leads to a change in Catastrophizing.
Step 3: Consider the definitions of Depression and Catastrophizing. Depression is a set of affective and cognitive manifestations, while Catastrophizing is a tendency to magnify the threat value of a pain stimulus and feel helpless in the presence of pain.
Step 4: Given the definitions, it is plausible that Depression (affective and cognitive manifestations) could potentially influence Catastrophizing (pain-related thoughts and feelings of helplessness).
Step 5: However, the question asks for a causal relationship where Depression temporally precedes and influences Catastrophizing. This implies a directional causal link, meaning Depression must come before Catastrophizing.
Step 6: There is evidence to suggest that Depression can precede and influence Catastrophizing. For example, individuals with depression may have negative thoughts and feelings that could lead to catastrophizing about their pain.
Step 7: In conclusion, based on the provided definitions and available evidence, it is plausible that Depression can precede and influence Catastrophizing, thus satisfying the conditions for a causal relationship.

Conclusion: Yes",,True,,,,False,
Depression,Obesity,False,"Reasoning Process:
Step 1: Defining the terms: Depression refers to affective and cognitive manifestations of depression as per PROMIS, and Obesity refers to weight or BMI associations.
Step 2: Examining the literature: A comprehensive review of the current scientific literature does not show a consistent causal relationship where a change in Depression precedes and leads to a change in Obesity, either directly or through one or more intermediate variables.
Step 3: Conclusion: Based on the available evidence, there is no strong causal relationship between Depression and Obesity, where Depression temporally precedes and influences Obesity in a way consistent with a directional causal link.

Conclusion: No",,True,,,,False,
Depression,Sleep disturbance,True,"Reasoning Process:
Step 1: Depression, as defined by PROMIS, includes affective and cognitive manifestations. These symptoms can include changes in mood, thoughts, and feelings, which can directly impact an individual's sleep quality.
Step 2: Sleep disturbance, as defined, is based on self-reported perceptions of sleep quality, sleep depth, and restoration. These perceptions can be influenced by various factors, including mood and feelings, which are components of depression.
Step 3: Given that depression can directly affect an individual's mood and feelings, which in turn can influence their perception of sleep quality, sleep depth, and restoration, it is reasonable to infer a causal relationship where a change in Depression precedes and leads to a change in Sleep disturbance.

Conclusion: Yes",,True,,,,False,
Education,Depression,True,"Reasoning Process:
Step 1: The question asks if there is a causal relationship between Education and Depression, where Education temporally precedes and influences Depression.
Step 2: To answer this question, we need to consider if there is empirical evidence that shows a change in Education leads to a change in Depression, either directly or through one or more intermediate variables.
Step 3: While it is known that stress, financial difficulties, and other factors associated with lower levels of education can contribute to depression, it is not accurate to say that Education directly causes Depression.
Step 4: However, it is also true that higher levels of education can provide individuals with better coping mechanisms, social support, and access to mental health resources, which may help reduce the risk of depression.
Step 5: Therefore, while Education may not directly cause Depression, it can indirectly influence Depression through these intermediate variables.
Step 6: In summary, there is a causal relationship between Education and Depression, but it is indirect, not direct.
Step 7: Since the causal relationship is indirect, it is consistent with a directional causal link where Education temporally precedes and influences Depression.

Conclusion: Yes",,False,,,,False,
Education,Smoking,True,"Reasoning Process:
Step 1: The question asks if there is a causal relationship between Education and Smoking, where Education precedes and leads to a change in Smoking.
Step 2: To answer this question, we need to consider if there is evidence that a change in Education level can influence the habit of smoking, either directly or through one or more intermediate variables.
Step 3: Research has shown that education level can influence smoking habits, as individuals with higher levels of education are generally less likely to smoke than those with lower levels of education.
Step 4: This is because higher levels of education often lead to increased knowledge about the health risks associated with smoking, as well as the development of critical thinking skills that help individuals make healthier choices.
Step 5: Additionally, there may be intermediate variables such as socioeconomic status, peer pressure, and access to information that can mediate the relationship between Education and Smoking.
Step 6: However, it's important to note that the relationship between Education and Smoking is complex and influenced by a variety of factors, and not every individual will follow this pattern.
Step 7: In conclusion, there is evidence to suggest a causal relationship where a change in Education level can precede and lead to a change in Smoking, either directly or through one or more intermediate variables.

Conclusion: Yes",,True,,,,False,
Fear_avoidance,Education,False,"Reasoning Process:
Step 1: Fear avoidance is a patient-reported questionnaire that focuses on a patient's fear avoidance beliefs about physical activity and work, which may affect and contribute to their low back pain and resulting disability. It does not directly influence a person's level of education.
Step 2: Education refers to the level of education of the participant. It is not influenced by a person's fear avoidance beliefs.
Step 3: There is no intermediate variable identified in the question that could link Fear avoidance and Education in a causal relationship.
Step 4: Therefore, based on the definitions provided, there is no causal relationship where a change in Fear_avoidance precedes and leads to a change in Education.

Conclusion: No",,True,,,,False,
Financial_level,Fear_avoidance,False,"Reasoning Process:
Step 1: The question asks if there is a causal relationship between Financial_level and Fear_avoidance, where Financial_level temporally precedes and influences Fear_avoidance.
Step 2: To establish a causal relationship, we need to find evidence that a change in Financial_level precedes a change in Fear_avoidance, and that this change is not merely coincidental.
Step 3: Research has shown that financial stress can lead to anxiety and depression, which in turn can increase fear avoidance beliefs about physical activity and work.
Step 4: However, the relationship between Financial_level and Fear_avoidance is complex and may involve multiple intermediate variables, such as anxiety and depression.
Step 5: Without specific evidence of a longitudinal study demonstrating a causal relationship between Financial_level and Fear_avoidance, where Financial_level is shown to precede and influence Fear_avoidance, we cannot definitively say that there is a causal relationship.
Step 6: Therefore, based on the current evidence, it is not possible to definitively conclude that there is a causal relationship between Financial_level and Fear_avoidance.

Conclusion: No",,True,,,,False,
Sleep disturbance,Catastrophizing,False,"Reasoning Process:
Step 1: Define the question: The question asks if there is a causal relationship between Sleep disturbance and Catastrophizing, where Sleep disturbance precedes and influences Catastrophizing.
Step 2: Understand the variables: Sleep disturbance is a self-reported perception of sleep quality, sleep depth, and restoration associated with sleep. Pain catastrophizing is the tendency to magnify the threat value of a pain stimulus and to feel helpless in the presence of pain.
Step 3: Identify the causal relationship: To establish a causal relationship, we need to find evidence that Sleep disturbance temporally precedes and influences Catastrophizing. However, it's important to note that the question does not specify a particular intermediate variable.
Step 4: Evaluate the evidence: There is evidence that sleep disturbance can indirectly influence pain catastrophizing through the mediation of factors such as mood, anxiety, and depression. For example, poor sleep quality can lead to increased negative emotions, which in turn can lead to increased pain catastrophizing. However, there is no definitive evidence that Sleep disturbance directly causes Catastrophizing without the involvement of intermediate variables.
Step 5: Conclusion: Based on the available evidence, it is not possible to definitively conclude that Sleep disturbance temporally precedes and influences Catastrophizing in a way consistent with a directional causal link. Therefore, the answer is False.

Conclusion: No",,True,,,,False,
Sleep disturbance,Education,False,"Reasoning Process:
Step 1: The question asks if there is a causal relationship between Sleep disturbance and Education, where Sleep disturbance temporally precedes and influences Education.
Step 2: Sleep disturbance is a self-reported perception of sleep quality, sleep depth, and restoration associated with sleep, which is not a direct cause of Education.
Step 3: There are no known intermediate variables that would link Sleep disturbance to Education in a way that would establish a causal relationship.
Step 4: Therefore, based on the given information, it is not reasonable to conclude that a change in Sleep disturbance precedes and leads to a change in Education.

Conclusion: No",,True,,,,False,
Sleep disturbance,Financial_level,False,"Reasoning Process:
Step 1: Sleep disturbance is a self-reported perception of sleep quality, sleep depth, and restoration associated with sleep. It does not directly affect a person's financial level.
Step 2: Financial level is a measure of a person's financial situation, often used as a proxy for socioeconomic status. It is not directly influenced by sleep disturbance.
Step 3: There are no intermediate variables mentioned in the question that could potentially link sleep disturbance and financial level.
Step 4: Therefore, based on the given information, there is no causal relationship where a change in Sleep disturbance precedes and leads to a change in Financial_level.

Conclusion: No",,True,,,,False,
Smoking,Anxiety,True,"Reasoning Process:
Step 1: Smoking is a behavior that involves the inhalation of tobacco smoke, which contains numerous harmful chemicals. Some of these chemicals can affect the body's nervous system, potentially leading to changes in mood and emotional state.
Step 2: Anxiety, as defined by PROMIS, is a state characterized by fear, worry, feelings of panic, anxious misery, hyperarousal, and somatic symptoms related to arousal. These symptoms can be influenced by various factors, including mental and physical health conditions, stress, and environmental factors.
Step 3: While there is evidence that smoking can contribute to the development and exacerbation of anxiety disorders, the relationship between the two is complex and bidirectional. This means that smoking can potentially lead to anxiety, but it's also possible for anxiety to lead to increased smoking as a coping mechanism.
Step 4: In order to establish a causal relationship where a change in Smoking precedes and leads to a change in Anxiety, we would need to rule out the possibility of reverse causality (anxiety leading to increased smoking). However, given the evidence that smoking can contribute to the development and exacerbation of anxiety disorders, it's reasonable to conclude that there is a causal relationship where a change in Smoking can potentially lead to a change in Anxiety.

Conclusion: Yes",,False,,,,False,
Smoking,CCI,True,"Reasoning Process:
Step 1: Smoking is an action that involves the inhalation of tobacco smoke, which is known to have harmful effects on various organs in the body.
Step 2: Comorbidity Index (CCI) is a measure of the number of comorbidities a patient has, which are the presence of two or more chronic diseases or conditions in a patient.
Step 3: There is substantial evidence that smoking can lead to various chronic diseases such as heart disease, stroke, lung disease, and cancer, which are often included in the CCI.
Step 4: Since smoking can cause these chronic diseases, it is reasonable to infer that a change in smoking behavior (increase or decrease) can precede and lead to a change in CCI, as an increase in smoking can lead to an increase in the number of comorbidities.
Step 5: However, it's important to note that there may be other factors that can influence both smoking behavior and CCI, such as genetics, lifestyle, and environment. Therefore, while there is a causal relationship between smoking and CCI, it is not the only factor.

Conclusion: Yes",,False,,,,False,
Sex,Alcohol,False,"Reasoning Process:
Step 1: The definition of Sex provided does not indicate any direct causal relationship with Alcohol consumption.
Step 2: Alcohol consumption is not a reproductive function, so changes in Sex do not inherently lead to changes in Alcohol.
Step 3: There are no intermediate variables mentioned in the question that could potentially link Sex and Alcohol consumption.
Step 4: Therefore, based on the given information, there is no causal relationship where a change in Sex precedes and leads to a change in Alcohol.

Conclusion: No",,True,,,,False,
Sex,Anxiety,False,"Reasoning Process:
Step 1: The definition of Sex provided does not indicate any direct causal relationship with Anxiety.
Step 2: The definition of Anxiety provided does not indicate Sex as a direct cause of Anxiety.
Step 3: While there may be indirect relationships between Sex and Anxiety (e.g., through hormonal changes, societal pressures, etc.), the question specifically asks for a causal relationship where Sex temporally precedes and leads to a change in Anxiety, which is not supported by the provided definitions.
Step 4: Without additional context or specific research findings, it is not possible to definitively establish a causal relationship between Sex and Anxiety as described in the question.
Step 5: Therefore, based on the provided definitions and the question's specific requirements, it is not possible to conclude that there is a causal relationship between Sex and Anxiety.

Conclusion: No",,True,,,,False,
Sex,PEG,False,"Reasoning Process:
Step 1: The definition of Sex provided does not indicate any direct causal relationship with PEG score.
Step 2: PEG score is a measure of pain interference and pain intensity due to chronic low back pain, which is not directly related to an individual's sex.
Step 3: There are no intermediate variables mentioned in the question that could potentially link Sex and PEG score.
Step 4: Therefore, based on the given information, it is not possible to establish a causal relationship between Sex and PEG score.

Conclusion: No",,True,,,,False,
Sex,Sleep disturbance,False,"Reasoning Process:
Step 1: The definition of Sex provided does not indicate any direct causal relationship with Sleep disturbance.
Step 2: The definition of Sleep disturbance provided does not indicate any direct causal relationship with Sex.
Step 3: To establish a causal relationship, we would need evidence from scientific studies showing that a change in Sex precedes and leads to a change in Sleep disturbance, either directly or through one or more intermediate variables.
Step 4: However, no such evidence has been provided in the question, and it is beyond the scope of this response to search for and analyze such evidence.
Step 5: Therefore, based on the information provided, we cannot definitively establish a causal relationship between Sex and Sleep disturbance.

Conclusion: No",,True,,,,False,
Age,Anxiety,False,"Reasoning Process:
Step 1: The question asks if there is a causal relationship between Age and Anxiety, where Age temporally precedes and influences Anxiety.
Step 2: To answer this question, we need to consider if there is any scientific evidence or established causal link between Age and Anxiety.
Step 3: However, the provided context does not contain any specific information about a causal relationship between Age and Anxiety.
Step 4: In general, age is not typically considered a direct cause of anxiety, as anxiety is more often associated with psychological factors, such as stress, genetics, and life events.
Step 5: Therefore, based on the provided context and general knowledge, it is not possible to establish a causal relationship between Age and Anxiety.
Step 6: Thus, the conclusion is that there is no causal relationship between Age and Anxiety.
Step 7: It is important to note that this conclusion is based on the provided context and general knowledge. Specific studies or individual cases may reveal different results.

Conclusion: No",,True,,,,False,
Age,CCI,False,"Reasoning Process:
Step 1: Age is a demographic variable and does not directly cause or influence the number of comorbidities (CCI) in a patient.
Step 2: Comorbidities are health conditions that occur simultaneously with a primary condition. They are usually chronic and long-term, and their development is influenced by various factors such as genetics, lifestyle, and environment, not directly by age.
Step 3: While age can indirectly influence the development of comorbidities by increasing the likelihood of certain health risks, it does not establish a causal relationship where age temporally precedes and directly leads to a change in CCI.
Step 4: Therefore, based on the given context, there is no causal relationship where a change in Age precedes and leads to a change in CCI.
Step 5: The conclusion is drawn from the understanding that Age is a demographic variable that does not directly cause or influence the number of comorbidities (CCI) in a patient.

Conclusion: No",,True,,,,False,
Age,Depression,True,"Reasoning Process:
Step 1: The question asks if there is a causal relationship between Age and Depression, where Age temporally precedes and influences Depression.
Step 2: In the context of chronic pain, aging can lead to an increased risk of developing depression due to factors such as physical health decline, social isolation, and reduced mobility. However, it's important to note that this is a complex relationship and not all older adults will develop depression.
Step 3: While aging can increase the risk of depression, it does not necessarily mean that a change in Age directly causes a change in Depression. There are likely multiple factors at play, and Age is just one of them.
Step 4: The question also asks for a directional causal link, meaning that Age must precede Depression. In this case, Age does precede Depression, as aging is a continuous process.
Step 5: Given the above, it can be concluded that there is a potential causal relationship between Age and Depression, but it is not a direct causal link and there are likely multiple factors involved.

Conclusion: Yes",,True,,,,False,
Age,PEG,False,"Reasoning Process:
Step 1: The question asks if there is a causal relationship between Age and PEG, where Age precedes and influences PEG.
Step 2: In the given context, there is no information provided about any intermediate variables or a direct causal link between Age and PEG.
Step 3: Without specific evidence or a known biological or medical mechanism that Age directly affects PEG, it is not possible to establish a causal relationship.
Step 4: Therefore, based on the given information, it is not possible to conclude that Age causally influences PEG.

Conclusion: No",,True,,,,False,
Age,Sleep disturbance,False,"Reasoning Process:
Step 1: The question asks if there is a causal relationship between Age and Sleep disturbance, where Age temporally precedes and influences Sleep disturbance.
Step 2: Age is a static, non-modifiable factor, meaning it does not change in response to other factors. It does not have the ability to directly cause a change in Sleep disturbance.
Step 3: Sleep disturbance, on the other hand, is a dynamic factor that can be influenced by various factors such as stress, lifestyle, and health conditions. However, Age is not typically considered an immediate cause of sleep disturbance.
Step 4: While Age can indirectly influence Sleep disturbance through factors such as health conditions that may develop with age, the Age itself does not cause Sleep disturbance directly.
Step 5: Therefore, based on the given context, there is no causal relationship where a change in Age precedes and leads to a change in Sleep disturbance.

Conclusion: No",,True,,,,False,
Age,Smoking,False,"Reasoning Process:
Step 1: The question asks if there is a causal relationship between Age and Smoking, where Age precedes and leads to a change in Smoking.
Step 2: To answer this question, we need to consider if Age can influence the act of Smoking, and if so, whether this influence is causal and temporal.
Step 3: Age is a biological factor that does not inherently involve the act of Smoking. Therefore, Age does not directly cause Smoking.
Step 4: However, Age can indirectly influence Smoking through various factors such as societal norms, peer pressure, and personal choices that may change over time as a person ages.
Step 5: To establish a causal relationship, we would need to demonstrate that Age directly and consistently causes a change in Smoking, which is not the case.
Step 6: Since Age does not directly and consistently cause Smoking, and there is no evidence of a direct causal relationship, we cannot conclude that Age temporally precedes and influences Smoking in a way consistent with a directional causal link.

Conclusion: No",,True,,,,False,
Catastrophizing,PEG,False,"Reasoning Process:
Step 1: Define the question: The question asks if there is a causal relationship between Catastrophizing and PEG, where Catastrophizing temporally precedes and influences PEG.
Step 2: Understand the variables: Catastrophizing is a psychological construct related to an individual's response to pain, characterized by magnifying the threat value of pain and feeling helpless in the presence of pain. PEG is an index measuring pain interference and pain intensity due to chronic low back pain.
Step 3: Consider the nature of the relationship: A causal relationship implies that a change in one variable (Catastrophizing) directly or indirectly leads to a change in another variable (PEG).
Step 4: Evaluate the temporal precedence: The question requires that Catastrophizing temporally precedes PEG, meaning that changes in Catastrophizing should occur before changes in PEG.
Step 5: Assess the evidence: As a psychological construct, Catastrophizing is not directly observable, and its relationship with PEG is not straightforward. There may be intermediate variables (e.g., pain intensity, emotional response, coping mechanisms) that mediate the relationship between Catastrophizing and PEG.
Step 6: Conclusion: Given the nature of the variables and the lack of direct observability of Catastrophizing, it is difficult to definitively establish a causal relationship where Catastrophizing temporally precedes and leads to a change in PEG, either directly or through one or more intermediate variables. Therefore, the answer is False.

Conclusion: No",,True,,,,False,
Depression,PEG,False,"Reasoning Process:
Step 1: The question asks if there is a causal relationship between Depression and PEG, where Depression temporally precedes and influences PEG.
Step 2: Depression, as defined, refers to affective and cognitive manifestations of depression, which are psychological states. PEG, on the other hand, is a measure of pain interference and pain intensity due to chronic low back pain, which is a physical condition.
Step 3: Psychological states, such as depression, do not typically cause physical conditions, such as pain, directly. There are usually intermediate variables, such as stress, anxiety, or sleep disturbances, that mediate the relationship between psychological states and physical pain.
Step 4: However, it is possible that depression could indirectly influence PEG through these intermediate variables. For example, depression could lead to increased stress, which in turn could lead to increased pain.
Step 5: Without specific evidence or a causal model, it is not possible to definitively say that depression causes a change in PEG. The relationship between depression and PEG is likely complex and multifactorial.
Step 6: Therefore, based on general knowledge and the definitions provided, it is not possible to definitively say that there is a causal relationship where a change in Depression precedes and leads to a change in PEG.

Conclusion: No",,True,,,,False,
Fear_avoidance,PEG,False,"Reasoning Process:
Step 1: Fear avoidance is a patient-reported questionnaire that focuses on fear avoidance beliefs about physical activity and work, which may affect and contribute to low back pain and resulting disability.
Step 2: PEG score is an index measuring pain interference and pain intensity due to chronic low back pain.
Step 3: To establish a causal relationship, we need to determine if fear avoidance (the cause) temporally precedes and influences PEG score (the effect).
Step 4: The question asks for a directional causal link, meaning that fear avoidance should precede and directly or indirectly influence PEG score.
Step 5: However, as a causal relationship between fear avoidance and PEG score is not directly observable, we cannot definitively establish a causal relationship based on the given information.
Step 6: Therefore, we cannot conclude that a change in Fear_avoidance precedes and leads to a change in PEG, either directly or through one or more intermediate variables.

Conclusion: No",,True,,,,False,
Financial_level,PEG,False,"Reasoning Process:
Step 1: The question asks if there is a causal relationship between Financial_level and PEG, where a change in Financial_level precedes and leads to a change in PEG.
Step 2: To establish a causal relationship, we need to consider if Financial_level can influence PEG directly or through one or more intermediate variables.
Step 3: However, the question does not provide any specific intermediate variables or evidence to support a causal relationship.
Step 4: Without concrete evidence or a theoretical framework linking Financial_level to PEG, it is not possible to definitively establish a causal relationship.
Step 5: Therefore, based on the information provided, we cannot conclude that there is a causal relationship between Financial_level and PEG.

Conclusion: No",,True,,,,False,
Sleep disturbance,PEG,False,"Reasoning Process:
Step 1: The question asks if there is a causal relationship between Sleep disturbance and PEG, where Sleep disturbance precedes and influences PEG.
Step 2: Sleep disturbance is a self-reported perception of sleep quality, sleep depth, and restoration associated with sleep. It does not directly relate to pain intensity or pain interference, which are components of the PEG score.
Step 3: Therefore, based on the definitions provided, it is not possible for a change in Sleep disturbance to directly or indirectly precede and lead to a change in PEG.
Step 4: In the absence of any intermediate variables or additional context suggesting a causal relationship, the conclusion is that there is no causal relationship between Sleep disturbance and PEG.

Conclusion: No",,True,,,,False,
Alcohol,Depression,True,"Reasoning Process:
Step 1: Alcohol consumption can lead to various health issues, including liver disease, addiction, and mental health problems. Among these, depression is a known complication of alcohol abuse.
Step 2: Depression, on the other hand, does not typically cause an increase in alcohol consumption unless it is a symptom of self-medication or a co-occurring disorder.
Step 3: The temporal relationship also supports the idea that alcohol consumption may cause depression, as alcohol abuse often precedes the onset of depression.

Conclusion: A",,,,,,True,
Education,Financial_level,True,"Reasoning Process:
Step 1: Identifying potential intermediate variables that could link the two variables
Step 2: Considering variables that are typically influenced by Education, such as job opportunities, skills, and knowledge
Step 3: Considering variables that are typically influenced by Financial_level, such as access to resources, opportunities, and ability to invest in education
Step 4: Evaluating which variable is more likely to have a direct impact on the other, based on the nature of the variables and their typical influences

Conclusion: A",,,,,,True,
