Var1,Var2,Causal Literature Prediction,Causal Literature Prediction Reasoning,Causal Literature Report,Proto,Plausibility Report,Association Report,Temporality Report,Direction_Resolved,Direction Report
Alcohol,Obesity,True,"Reasoning Process:
Step 1: First, we need to understand the causal relationship between two variables: Alcohol and Obesity.
Step 2: Alcohol consumption does not directly cause obesity, as obesity is primarily a result of caloric intake and physical activity levels.
Step 3: However, alcohol consumption can indirectly contribute to obesity through increased caloric intake due to alcoholic beverages being high in calories and potential decreased physical activity due to intoxication.
Step 4: On the other hand, obesity does not directly cause alcohol consumption. While some people may turn to alcohol as a coping mechanism for emotional eating or stress, this is not a causal relationship but rather a correlation.
Step 5: Therefore, there is a potential indirect causal relationship between Alcohol and Obesity, but no direct causal relationship.
Step 6: Based on the given information, we can conclude that changing Alcohol does not cause a change in Obesity directly, but it can cause a change through one or more intermediate variables.

Conclusion: A",,False,,,,False,
Alcohol,Sleep disturbance,True,"Reasoning Process:
Step 1: Alcohol consumption can affect sleep quality and quantity, leading to sleep disturbances. This is because alcohol can interfere with the sleep cycle, causing disruptions and reducing the overall quality of sleep.
Step 2: On the other hand, sleep disturbances do not directly cause changes in alcohol consumption. While stress, anxiety, or other sleep-related issues might indirectly influence alcohol consumption, the causality does not flow from sleep disturbances to alcohol consumption.
Step 3: Therefore, based on the given information and general knowledge, it can be concluded that changing Alcohol causes a change in Sleep disturbance, either directly or through one or more intermediate variables.

Conclusion: A",,False,,,,False,
Anxiety,Alcohol,True,"Reasoning Process:
Step 1: Alcohol consumption (Alcohol) is not directly related to the PROMIS anxiety score, as anxiety is a psychological state and alcohol consumption is a physical behavior. However, alcohol can indirectly affect anxiety through its effects on the central nervous system, which can lead to feelings of anxiety or exacerbate existing anxiety.
Step 2: On the other hand, anxiety (Anxiety) can directly affect alcohol consumption. People with anxiety may turn to alcohol as a coping mechanism, leading to increased alcohol consumption. Additionally, anxiety can indirectly affect alcohol consumption through its effects on mood, stress levels, and sleep quality, which can all influence alcohol consumption.
Step 3: Given that there is a bidirectional relationship between alcohol consumption and anxiety, where one can affect the other, the most appropriate answer is B. Changing Anxiety causes a change in Alcohol, either directly or through one or more intermediate variables.

Conclusion: B",,False,,,,False,
Anxiety,Catastrophizing,False,"Reasoning Process:
Step 1: The PROMIS anxiety variable focuses on fear, anxious misery, hyperarousal, and somatic symptoms related to arousal. These symptoms do not directly relate to the tendency to magnify the threat value of a pain stimulus, feel helpless in the presence of pain, or the inability to prevent or inhibit pain-related thoughts, which are characteristics of the pain catastrophizing score.
Step 2: The pain catastrophizing score, on the other hand, focuses on the tendency to magnify the threat value of a pain stimulus, feel helpless in the presence of pain, and the inability to prevent or inhibit pain-related thoughts. These symptoms do not directly relate to the symptoms of fear, anxious misery, hyperarousal, and somatic symptoms related to arousal, which are characteristics of the PROMIS anxiety variable.
Step 3: Therefore, based on the definitions provided, it does not seem that there is a direct causal relationship between Anxiety and Catastrophizing. However, it is possible that there could be indirect relationships through other variables or factors not specified in the given information.

Conclusion: C",,True,,,,False,
Anxiety,Depression,False,"Reasoning Process:
Step 1: The PROMIS anxiety focuses on fear, anxious misery, hyperarousal, and somatic symptoms related to arousal, which are all emotional and physical symptoms associated with anxiety.
Step 2: On the other hand, the PROMIS depression focuses on affective and cognitive manifestations of depression, which are emotional and mental symptoms associated with depression.
Step 3: From the definitions, it is clear that both anxiety and depression are emotional and mental conditions, but they have distinct symptoms and focuses.
Step 4: Given that anxiety and depression are distinct conditions with different symptoms, it is reasonable to assume that one does not directly cause the other.
Step 5: However, it is possible that changes in one condition could indirectly influence the other through various intermediate variables, such as stress, lifestyle, or genetic factors.
Step 6: To determine the causal relationship between anxiety and depression, we would need more specific information about these intermediate variables and their effects on both conditions.
Step 7: Without such information, it is not possible to definitively say that changing Anxiety causes a change in Depression, or vice versa.
Step 8: Therefore, the most reasonable conclusion is that there is no causal relationship between Anxiety and Depression based on the given information.

Conclusion: C",,True,,,,False,
Anxiety,Fear_avoidance,True,"Reasoning Process:
Step 1: Fear avoidance is a patient reported questionnaire that focuses on how a patient's fear avoidance beliefs about physical activity and work may affect and contribute to their low back pain and resulting disability.
Step 2: PROMIS anxiety focuses on fear, anxious misery, hyperarousal, and somatic symptoms related to arousal.
Step 3: From the definitions, it is clear that both fear avoidance and anxiety involve fear and its related symptoms. However, fear avoidance specifically focuses on fear in the context of physical activity and work, while PROMIS anxiety includes a broader range of fear-related symptoms.
Step 4: It is plausible that a change in fear avoidance beliefs (e.g., becoming less fearful of physical activity) could lead to a decrease in anxiety, as less fear of physical activity could lead to less overall anxiety. However, it is also possible that a change in anxiety (e.g., through therapy or medication) could lead to a change in fear avoidance, as reduced anxiety could make it easier for a person to engage in physical activity without fear.
Step 5: Given that both fear avoidance and anxiety can influence each other, it is not entirely clear whether a change in one necessarily causes a change in the other. It is possible that there is a bidirectional relationship between the two, with each one potentially influencing the other.
Step 6: However, the question asks for a causal relationship, meaning that one variable must be identified as causing a change in the other. Based on the definitions and the plausible relationships between the two, it is more likely that a change in fear avoidance could lead to a change in anxiety, as fear avoidance specifically focuses on the fear of physical activity and work, which could directly impact anxiety levels.

Conclusion: B",,False,,,,False,
Anxiety,Financial_level,False,"Reasoning Process:
Step 1: The PROMIS anxiety variable focuses on fear, anxiety, and somatic symptoms related to arousal, which are emotional and physical responses. These are not typically directly related to financial level or socioeconomic status.
Step 2: Financial level, on the other hand, is a measure of a person's financial situation, which is more related to economic factors such as income, expenses, and assets, rather than emotional or physical states.
Step 3: Therefore, it is unlikely that a change in anxiety would directly or indirectly cause a change in financial level, as they are distinct and unrelated domains.

Conclusion: C",,True,,,,False,
Anxiety,Smoking,True,"Reasoning Process:
Step 1: Smoking is defined as the action of inhaling and exhaling the smoke of tobacco. It is a physical action and does not inherently involve anxiety.
Step 2: PROMIS anxiety is defined as a measure of fear, anxious misery, hyperarousal, and somatic symptoms related to arousal. It is a psychological state and does not directly involve smoking.
Step 3: There is no immediate or direct causal relationship between smoking and anxiety, as defined.
Step 4: However, it is possible that smoking could indirectly affect anxiety through various intermediate variables, such as stress, sleep disturbances, or other psychological factors. But without specific evidence or a clear causal pathway, it is not possible to definitively say that changing smoking causes a change in anxiety.
Step 5: On the other hand, anxiety can directly or indirectly affect smoking. For example, someone with high levels of anxiety might turn to smoking as a coping mechanism, or anxiety could lead to stress, which in turn could lead to smoking.
Step 6: Given the definitions and the lack of a direct causal relationship between smoking and anxiety, it is more likely that changing anxiety causes a change in smoking, either directly or through one or more intermediate variables.

Conclusion: B",,False,,,,False,
CCI,Alcohol,True,"Reasoning Process:
Step 1: Alcohol consumption (CCI) is a measure of the number of health conditions a person has, not the cause of them. Therefore, it is unlikely that changing Alcohol directly or indirectly causes a change in CCI.
Step 2: On the other hand, the number of health conditions a person has (CCI) could potentially influence their alcohol consumption. For example, someone with multiple health conditions might be more likely to reduce their alcohol intake due to health concerns.
Step 3: Given the definitions provided, there is no evidence that Alcohol causes a change in CCI directly or indirectly. However, CCI could potentially influence Alcohol consumption.

Conclusion: B",,False,,,,False,
Catastrophizing,Fear_avoidance,False,"Reasoning Process:
Step 1: Pain catastrophizing is a tendency to magnify the threat value of a pain stimulus and to feel helpless in the presence of pain, as well as by a relative inability to prevent or inhibit pain-related thoughts. This suggests that it is a psychological response to pain.
Step 2: Fear avoidance, on the other hand, is a patient's fear avoidance beliefs about physical activity and work that may affect and contribute to their low back pain and resulting disability. This suggests that it is a behavioral response to pain.
Step 3: Given that pain catastrophizing is a psychological response and fear avoidance is a behavioral response, it is reasonable to assume that they are separate constructs, each with their own set of causes and effects.
Step 4: While it is possible that a change in one construct could indirectly influence the other through various intermediate variables (such as changes in pain intensity, coping strategies, or emotional state), there is no inherent reason to believe that a change in one construct would directly cause a change in the other.
Step 5: Therefore, it is most likely that there is no causal relationship between Catastrophizing and Fear_avoidance.

Conclusion: C",,True,,,,False,
Depression,Catastrophizing,True,"Reasoning Process:
Step 1: Pain catastrophizing is a tendency to magnify the threat value of a pain stimulus and to feel helpless in the presence of pain, as well as by a relative inability to prevent or inhibit pain-related thoughts. This can lead to negative emotional states, such as anxiety and depression.
Step 2: PROMIS depression refers to affective and cognitive manifestations of depression, which are negative emotional states. These negative emotional states can be a result of various factors, including pain catastrophizing.
Step 3: Given that pain catastrophizing can lead to negative emotional states, such as depression, it is reasonable to infer that changing catastrophizing (either increasing or decreasing) could potentially cause a change in depression, either directly or through one or more intermediate variables.
Step 4: However, it is also possible that depression can influence pain catastrophizing. For instance, someone who is depressed may be more likely to catastrophize about pain due to their negative emotional state.
Step 5: Given that there is a bidirectional relationship between pain catastrophizing and depression, it is not accurate to say that there is no causal relationship between the two.
Step 6: Therefore, the most accurate answer is B. Changing Depression causes a change in Catastrophizing, either directly or through one or more intermediate variables.

Conclusion: B",,True,,,,False,
Depression,Education,True,"Reasoning Process:
Step 1: First, we need to understand the given context and question. The question asks about a causal relationship between Education and Depression.
Step 2: Next, we consider the definitions provided. Education refers to the level of education of the participant, while Depression refers to the affective and cognitive manifestations of depression.
Step 3: In general, it is not common for a change in Education to directly or indirectly cause changes in Depression. While education can provide opportunities for better mental health resources and support, it does not inherently change an individual's mental health status.
Step 4: On the other hand, Depression can affect an individual's ability to focus, make decisions, and maintain consistent attendance in educational settings. This could potentially lead to changes in Education, but it is not a direct causal relationship.
Step 5: Lastly, we consider the question options. Option A suggests that changing Education causes a change in Depression, but our reasoning shows that this is not the case.
Step 6: Option B suggests that changing Depression causes a change in Education, which aligns with our reasoning that Depression can affect an individual's ability to focus and maintain consistent attendance in educational settings.
Step 7: Option C suggests that there is no causal relationship between Education and Depression, which also aligns with our reasoning.
Step 8: Given our reasoning, we can conclude that changing Depression causes a change in Education, either directly or through one or more intermediate variables. Therefore, the most likely answer is B.

Conclusion: B",,False,,,,False,
Depression,Sleep disturbance,True,"Reasoning Process:
Step 1: First, we need to understand the given definitions of the variables: Sleep disturbance and Depression. Sleep disturbance refers to self-reported perceptions of sleep quality, sleep depth, and restoration associated with sleep. Depression, on the other hand, refers to the affective and cognitive manifestations of depression.
Step 2: Next, we consider the question: which of the following is the most likely: A, B, or C. A and B suggest a causal relationship between Sleep disturbance and Depression, while C suggests no causal relationship.
Step 3: Given the definitions, it is plausible that a change in Sleep disturbance could potentially affect Depression, as sleep quality and depth are known to impact mood and cognitive function. However, it is also plausible that a change in Depression could affect Sleep disturbance, as depression is associated with sleep disorders such as insomnia.
Step 4: To determine the most likely answer, we need to consider the direction of the causality. While it is possible for Sleep disturbance to cause Depression, the evidence suggests that Depression is more likely to cause Sleep disturbance. This is because depression is a known risk factor for sleep disorders, and the symptoms of depression can directly impact sleep quality and depth.
Step 5: Therefore, based on the given definitions and general knowledge, the most likely answer is B: Changing Depression causes a change in Sleep disturbance, either directly or through one or more intermediate variables.

Conclusion: B",,True,,,,False,
Education,Smoking,False,"Reasoning Process:
Step 1: First, we need to understand the causal relationship between Education and Smoking. In general, education level does not directly cause someone to smoke or not smoke.
Step 2: However, education level can indirectly influence smoking habits through various factors such as income, social norms, and access to information about the health risks of smoking.
Step 3: On the other hand, smoking can affect education level in several ways. For example, smoking can lead to financial difficulties, which may impact a person's ability to continue their education.
Step 4: Smoking can also lead to health problems, which may affect a person's ability to focus and perform well in school.
Step 5: However, it's important to note that the relationship between education and smoking is complex and influenced by many factors, making it difficult to definitively say that one causes the other.
Step 6: Given the complexity of the relationship and the fact that both education and smoking can influence each other indirectly, it's reasonable to conclude that there is no simple causal relationship between the two.

Conclusion: C",,True,,,,False,
Fear_avoidance,CCI,True,"Reasoning Process:
Step 1: The CCI is a measure of the number of comorbidities a patient has. It does not directly relate to a patient's fear avoidance beliefs about physical activity and work.
Step 2: Fear avoidance, on the other hand, is a patient-reported questionnaire that focuses on how a patient's fear avoidance beliefs about physical activity and work may affect and contribute to their low back pain and resulting disability.
Step 3: There is no inherent connection between the number of comorbidities a patient has (CCI) and their fear avoidance beliefs (Fear_avoidance).
Step 4: While it's possible that certain comorbidities could indirectly influence fear avoidance through other factors (e.g., pain intensity, psychological factors, etc.), there is no direct causal relationship established between CCI and Fear_avoidance.
Step 5: On the other hand, fear avoidance beliefs can directly influence a patient's physical activity and work, which in turn could potentially impact their overall health and the development of comorbidities. However, this is an indirect relationship.
Step 6: Therefore, based on the given information, it is more likely that changing Fear_avoidance causes a change in CCI, either directly or through one or more intermediate variables, rather than the other way around.
Step 7: In summary, the causal relationship between CCI and Fear_avoidance is not directly established, and it is more likely that changes in Fear_avoidance may have an impact on CCI.

Conclusion: B",,False,,,,False,
Fear_avoidance,Education,False,"Reasoning Process:
Step 1: Fear avoidance is a patient reported questionnaire that focuses on how a patient's fear avoidance beliefs about physical activity and work may affect and contribute to their low back pain and resulting disability. It does not directly or indirectly influence a person's level of education.
Step 2: Education refers to the level of education of the participant. It is not directly or indirectly influenced by a person's fear avoidance beliefs.
Step 3: Therefore, based on the definitions provided, it can be concluded that changing Fear_avoidance does not cause a change in Education, either directly or through one or more intermediate variables.

Conclusion: C",,True,,,,False,
Financial_level,CCI,True,"Reasoning Process:
Step 1: First, we need to understand the nature of the variables given. Financial_level is a measure of a person's financial situation, often used as a proxy for socioeconomic status. CCI is a comorbidity index, which measures the number of comorbidities a person has.
Step 2: Next, we need to consider the direction of causality. It is plausible that a change in financial level could indirectly affect a person's health and thus their CCI, for example, through access to healthcare, nutrition, or stress levels. However, it is not immediately clear how a change in CCI would directly or indirectly affect a person's financial level.
Step 3: Given that we cannot definitively establish a direct or indirect causal relationship from CCI to Financial_level, and there is a plausible indirect causal relationship from Financial_level to CCI, the most likely answer is that changing Financial_level causes a change in CCI, either directly or through one or more intermediate variables.

Conclusion: A",,False,,,,False,
Financial_level,Depression,True,"Reasoning Process:
Step 1: First, we need to understand the given variables and their potential relationship. Financial_level is a proxy for socioeconomic status, and PROMIS depression refers to affective and cognitive manifestations of depression.
Step 2: Next, we consider the nature of the question, which asks about a causal relationship between the two variables.
Step 3: Research has shown that socioeconomic status can have a significant impact on mental health, including depression. For example, financial stress, a common issue in lower socioeconomic groups, can lead to depression. This suggests a potential causal relationship from Financial_level to Depression.
Step 4: However, it's also possible that depression can affect a person's financial situation. For instance, depression can lead to reduced productivity, increased healthcare costs, and poor financial decision-making, which could negatively impact a person's financial level.
Step 5: Given the bidirectional nature of the relationship between Financial_level and Depression, it's challenging to definitively state that one variable causes the other without further information or a controlled study.
Step 6: However, the question asks for the most likely scenario, and the initial thought is that financial stress could be a more direct and immediate cause of depression compared to depression causing financial problems. This is based on the common understanding that financial stress is a significant source of distress and can lead to depression.
Step 7: Therefore, the most likely answer is A: Changing Financial_level causes a change in Depression, either directly or through one or more intermediate variables.

Conclusion: A",,False,,,,False,
Financial_level,Fear_avoidance,False,"Reasoning Process:
Step 1: The question asks about the causal relationship between Financial_level and Fear_avoidance.
Step 2: Financial_level is a proxy for socioeconomic status, which can affect a person's access to healthcare, stress levels, and overall quality of life. However, it is not directly related to fear avoidance beliefs about physical activity and work.
Step 3: Fear avoidance, on the other hand, is a patient-reported questionnaire that specifically focuses on how a patient's fear avoidance beliefs about physical activity and work may affect and contribute to their low back pain and resulting disability.
Step 4: While a person's financial situation could potentially indirectly influence fear avoidance through factors such as access to healthcare or stress levels, there is no direct causal relationship between the two.
Step 5: Therefore, based on the given information, it is most likely that changing Financial_level does not cause a change in Fear_avoidance.

Conclusion: C",,True,,,,False,
Financial_level,Obesity,True,"Reasoning Process:
Step 1: First, we need to understand the nature of the relationship between Obesity and Financial_level. Obesity is often associated with higher healthcare costs due to increased risk of chronic diseases.
Step 2: On the other hand, Financial_level can also influence Obesity. People with lower financial levels may have limited access to healthy food options, leading to a higher risk of obesity.
Step 3: However, it's important to note that the relationship between these two variables is complex and bidirectional. For example, obesity can lead to financial strain due to healthcare costs, which in turn can lead to further financial difficulties.
Step 4: Given the complex and bidirectional nature of the relationship, it's reasonable to assume that changes in either Obesity or Financial_level can influence each other. Therefore, it's not accurate to say that one causes the other directly.
Step 5: Based on the above reasoning, we can conclude that there is a causal relationship between Obesity and Financial_level, but it's not a simple cause-and-effect relationship.

Conclusion: B",,False,,,,False,
Obesity,CCI,True,"Reasoning Process:
Step 1: Obesity and CCI are two different concepts. Obesity refers to a condition where a person has excess body weight, often measured by BMI. CCI, on the other hand, is a comorbidity index that measures the number of health conditions a person has.
Step 2: While obesity and CCI are related, they are not directly causally linked. Obesity can increase the risk of certain health conditions, which in turn can increase the CCI. However, CCI is not a direct cause of obesity.
Step 3: Therefore, changing Obesity does not directly cause a change in CCI, but it can indirectly influence it through the development of comorbidities.

Conclusion: A",,False,,,,False,
Obesity,Fear_avoidance,True,"Reasoning Process:
Step 1: Obesity, as defined, refers to a condition of being overweight or having a high Body Mass Index (BMI).
Step 2: Fear avoidance, as defined, is a patient's fear and avoidance of physical activity and work, which may contribute to low back pain and resulting disability.
Step 3: There is no direct causal relationship mentioned between Obesity and Fear avoidance in the given definitions.
Step 4: However, it is possible that obesity could indirectly influence fear avoidance through factors such as reduced physical mobility, increased pain, or psychological factors like low self-esteem.
Step 5: On the other hand, fear avoidance, as a psychological factor, is not directly related to obesity or BMI.
Step 6: Therefore, it is more likely that changing Obesity causes a change in Fear avoidance, either directly or through one or more intermediate variables, rather than the other way around.

Conclusion: A",,False,,,,False,
Sleep disturbance,Education,False,"Reasoning Process:
Step 1: Sleep disturbance is a self-reported perception of sleep quality, sleep depth, and restoration associated with sleep. It does not have a direct causal relationship with Education.
Step 2: Education is the level of education of the participant. It does not have a direct causal relationship with Sleep disturbance.
Step 3: There is no evidence in the given information that suggests a causal relationship between Sleep disturbance and Education through one or more intermediate variables.

Conclusion: C",,True,,,,False,
Sleep disturbance,Obesity,True,"Reasoning Process:
Step 1: First, we need to understand the definitions of the variables given: Obesity (weight or BMI associations) and Sleep disturbance (self-reported perceptions of sleep quality, sleep depth, and restoration associated with sleep).
Step 2: Next, we consider the causal relationship between the two variables. Obesity is a physical condition related to weight or BMI, while Sleep disturbance is a self-reported perception of sleep quality. There is no inherent reason why a change in one's weight or BMI would directly or indirectly cause a change in one's perception of sleep quality.
Step 3: On the other hand, it is plausible that a change in Sleep disturbance could potentially affect Obesity. For example, poor sleep quality might lead to changes in appetite, energy levels, and physical activity, which could in turn affect weight or BMI.
Step 4: Therefore, based on the given definitions and our understanding of the causal relationships between the variables, it is more likely that Changing Sleep disturbance causes a change in Obesity, either directly or through one or more intermediate variables.

Conclusion: B",,False,,,,False,
Smoking,Depression,True,"Reasoning Process:
Step 1: The given information does not provide any direct evidence of a causal relationship between Depression and Smoking.
Step 2: However, it is known that smoking can have negative effects on mental health, including increasing the risk of depression.
Step 3: Therefore, it is possible that changing Smoking could cause a change in Depression, either directly or through one or more intermediate variables.
Step 4: The given information does not provide any evidence that changing Depression causes a change in Smoking.

Conclusion: B",,False,,,,False,
Smoking,Obesity,True,"Reasoning Process:
Step 1: First, we need to understand the definitions of the variables given: Smoking and Obesity. Smoking refers to the action of inhaling and exhaling tobacco smoke, while Obesity refers to a condition of having excess body fat.
Step 2: Next, we consider the causal relationship between the two variables. Smoking does not inherently cause obesity, as it is a behavior rather than a physiological condition. However, smoking can lead to weight gain due to increased appetite and decreased metabolism, which are intermediate variables.
Step 3: On the other hand, Obesity does not directly cause smoking. While there may be some correlation between the two, such as stress eating or using smoking as a coping mechanism, there is no causal relationship in the sense that becoming obese causes someone to start smoking.
Step 4: Therefore, based on the given definitions and our understanding of the causal relationship between Smoking and Obesity, we can conclude that changing Smoking causes a change in Obesity, either directly or through one or more intermediate variables.

Conclusion: A",,False,,,,False,
Smoking,Sleep disturbance,True,"Reasoning Process:
Step 1: First, we need to understand the definitions of the variables given: Sleep disturbance and Smoking. Sleep disturbance refers to self-reported perceptions of sleep quality, sleep depth, and restoration associated with sleep. Smoking is the action or habit of inhaling and exhaling the smoke of tobacco by sucking on the end of a lit cigarette, cigar, pipe, etc.
Step 2: Next, we need to consider if there is a causal relationship between the two variables. A causal relationship implies that a change in one variable directly or indirectly leads to a change in the other variable.
Step 3: In this case, it is not immediately clear that a change in Sleep disturbance would directly or indirectly lead to a change in Smoking. While stress or poor sleep can potentially lead to increased smoking, it is not a guaranteed causal relationship as there are many factors that influence smoking behavior.
Step 4: On the other hand, it is well-established that Smoking can negatively impact sleep quality and lead to sleep disturbances. Nicotine, a substance found in tobacco, is a stimulant that can make it harder to fall asleep and stay asleep. Additionally, smoking can lead to physical discomfort and withdrawal symptoms that can disrupt sleep.
Step 5: Therefore, based on the given information and general knowledge, it is more likely that changing Smoking causes a change in Sleep disturbance, either directly or through one or more intermediate variables.

Conclusion: B",,False,,,,False,
Sex,Alcohol,False,"Reasoning Process:
Step 1: First, we need to understand the given definitions of the variables Sex and Alcohol. Sex refers to the reproductive functions of an organism, while Alcohol refers to the consumption of alcoholic beverages.
Step 2: Next, we need to consider if there is a causal relationship between Sex and Alcohol. From the given definitions, there is no inherent connection between the two, and no biological or medical evidence suggests that changing one's sex directly or indirectly affects alcohol consumption.
Step 3: On the other hand, alcohol consumption can potentially affect an individual's behavior, which in turn might influence their actions, including their decisions about sex. However, this is not a direct causal relationship between Sex and Alcohol, but rather an indirect one mediated by behavior.
Step 4: Given the above analysis, we can conclude that changing Sex does not cause a change in Alcohol, either directly or through one or more intermediate variables. However, alcohol consumption can potentially influence an individual's behavior, which might indirectly affect their sex life.

Conclusion: C",,True,,,,False,
Sex,Anxiety,False,"Reasoning Process:
Step 1: The definition of Sex provided states that it is a biological category based on reproductive functions. This implies that it is a stable, biological trait that does not change easily or frequently.
Step 2: The definition of Anxiety provided refers to a psychological state characterized by feelings of worry, fear, and nervousness. This is a mental state that can be influenced by various factors, including stress, genetics, and environmental factors, but it is not directly related to biological sex.
Step 3: There is no evidence or logical reasoning provided in the question to suggest that changing Sex could cause a change in Anxiety, or vice versa. The two are separate entities, one being a biological trait and the other a psychological state.
Step 4: Given the lack of evidence or logical reasoning to support a causal relationship between Sex and Anxiety, it is reasonable to conclude that there is no causal relationship between the two.

Conclusion: C",,True,,,,False,
Sex,PEG,False,"Reasoning Process:
Step 1: The definition of Sex provided states that it is a biological category based on reproductive functions, which does not inherently involve pain or pain interference.
Step 2: The definition of PEG score states that it measures pain interference and pain intensity due to chronic low back pain. It does not involve sex.
Step 3: From the given information, there is no evidence or logical connection between Sex and PEG that would suggest a causal relationship.
Step 4: Therefore, it can be concluded that there is no causal relationship between Sex and PEG.

Conclusion: C",,True,,,,False,
Sex,Sleep disturbance,False,"Reasoning Process:
Step 1: First, we need to understand the given definitions of the variables involved: Sex and Sleep disturbance. Sex refers to the biological characteristics that define males and females, while Sleep disturbance refers to self-reported perceptions of sleep quality, sleep depth, and restoration associated with sleep.
Step 2: Next, we consider the causal relationship between the two variables. There is no biological evidence to suggest that changing one's sex directly or indirectly affects sleep disturbance. Similarly, there is no evidence to suggest that sleep disturbance directly or indirectly affects one's sex.
Step 3: Therefore, based on the given information and our understanding of the variables, it can be concluded that there is no causal relationship between Sex and Sleep disturbance.

Conclusion: C",,True,,,,False,
Age,Anxiety,False,"Reasoning Process:
Step 1: The given information defines Age as the age of the patient and PROMIS anxiety as a measure of fear, anxiety, and related symptoms. It does not provide any direct link between Age and Anxiety.
Step 2: While aging can lead to various psychological changes, such as increased stress or depression, there is no direct evidence that Age causes Anxiety as defined by the PROMIS anxiety measure.
Step 3: Similarly, while Anxiety can lead to various physical changes, such as increased heart rate or blood pressure, there is no direct evidence that Anxiety causes Age.
Step 4: Therefore, based on the given information and general knowledge, it is most reasonable to conclude that there is no causal relationship between Age and Anxiety.

Conclusion: C",,True,,,,False,
Age,CCI,False,"Reasoning Process:
Step 1: The Comorbidity Index (CCI) is a measure of the number of comorbidities a patient has. It does not directly relate to a patient's age.
Step 2: Age, on the other hand, is a demographic characteristic that does not inherently cause or affect the number of comorbidities a patient has.
Step 3: Therefore, based on the definitions provided, it can be inferred that there is no causal relationship between Age and CCI.

Conclusion: C",,True,,,,False,
Age,Depression,False,"Reasoning Process:
Step 1: The question asks for the most likely causal relationship between Age and Depression. To answer this, we need to consider if a change in Age can cause a change in Depression, and vice versa.
Step 2: Age is a biological factor that does not inherently cause depression. While aging can lead to various health issues, depression is primarily a mental health condition, not a direct result of biological aging.
Step 3: On the other hand, depression can have an impact on a person's overall health and well-being, which may indirectly affect their age due to factors such as poor self-care, unhealthy lifestyle choices, or increased stress levels.
Step 4: However, the question asks for a direct or indirect causal relationship. Since depression does not directly cause age, and age does not directly cause depression, we can conclude that there is no causal relationship between Age and Depression.

Conclusion: C",,True,,,,False,
Age,PEG,False,"Reasoning Process:
Step 1: The PEG score is a measure of pain interference and pain intensity due to chronic low back pain. It does not directly relate to a patient's age.
Step 2: Age, on the other hand, is a demographic variable and does not inherently cause changes in pain levels or pain interference.
Step 3: Therefore, based on the given information, it can be concluded that there is no causal relationship between Age and PEG.

Conclusion: C",,True,,,,False,
Age,Sleep disturbance,False,"Reasoning Process:
Step 1: The question asks for the most likely causal relationship between Age and Sleep disturbance.
Step 2: Age is a static factor that does not change frequently, while sleep disturbance is a dynamic factor that can change daily or over time.
Step 3: Age does not have a direct impact on sleep disturbance, as sleep quality is influenced by factors such as stress, lifestyle, and health conditions.
Step 4: Sleep disturbance, on the other hand, can indirectly affect Age through factors such as poor sleep quality leading to increased stress, poor health, and accelerated aging.
Step 5: Therefore, it is more likely that changes in Sleep disturbance can cause changes in Age, either directly or through one or more intermediate variables.

Conclusion: B",,True,,,,False,
Age,Smoking,False,"Reasoning Process:
Step 1: The definition of Age does not suggest any direct or indirect causal relationship with Smoking.
Step 2: The definition of Smoking does not suggest any direct or indirect causal relationship with Age.
Step 3: In the absence of any evidence or intermediate variables that suggest a causal relationship between Age and Smoking, we can infer that there is no causal relationship between the two.

Conclusion: C",,True,,,,False,
Catastrophizing,PEG,False,"Reasoning Process:
Step 1: Pain catastrophizing refers to the tendency to magnify the threat value of a pain stimulus and to feel helpless in the presence of pain. This is a psychological construct that is not directly related to the physical intensity or interference of pain, as measured by the PEG score.
Step 2: PEG score, on the other hand, measures pain interference and pain intensity due to chronic low back pain, which is a physical manifestation of pain rather than a psychological construct.
Step 3: Since pain catastrophizing is a psychological construct and PEG score is a physical measure, it is unlikely that a change in one directly causes a change in the other.
Step 4: However, it is possible that there could be intermediate variables that link the two, such as the individual's overall perception of their pain or their coping mechanisms. But without specific evidence or a causal relationship established, it is not possible to definitively say that one causes the other.
Step 5: Given the lack of a direct causal relationship and the absence of evidence for intermediate variables, the most reasonable conclusion is that there is no causal relationship between Catastrophizing and PEG.

Conclusion: C",,True,,,,False,
Depression,PEG,False,"Reasoning Process:
Step 1: The question asks about a causal relationship between Depression and PEG. To determine this, we need to consider if changes in one variable (Depression) can affect the other (PEG) and vice versa.
Step 2: PEG is a measure of pain interference and pain intensity due to chronic low back pain. It does not directly relate to affective and cognitive manifestations of depression, which are the components of PROMIS depression.
Step 3: On the other hand, Depression can indirectly affect PEG through its impact on a person's ability to cope with pain, mood, and overall quality of life. However, there is no direct causal relationship between Depression and PEG as defined.
Step 4: Since PEG does not directly relate to Depression and changes in Depression can only affect PEG indirectly, we can conclude that changes in Depression do not cause a direct change in PEG.
Step 5: Now, let's consider if changes in PEG can cause changes in Depression. While chronic pain can lead to feelings of depression, PEG is a measure of pain intensity and interference, not a measure of depression itself. Therefore, changes in PEG do not directly cause changes in Depression.
Step 6: Since neither Depression nor PEG cause a direct change in the other, we can conclude that there is no causal relationship between the two variables.

Conclusion: C",,True,,,,False,
Fear_avoidance,PEG,True,"Reasoning Process:
Step 1: Fear avoidance is a patient reported questionnaire that focuses on how a patient's fear avoidance beliefs about physical activity and work may affect and contribute to their low back pain and resulting disability.
Step 2: PEG score is an index measuring pain interference and pain intensity due to chronic low back pain.
Step 3: Since fear avoidance is a set of beliefs and attitudes, it is not directly related to the physical pain intensity or interference measured by the PEG score.
Step 4: However, fear avoidance beliefs could potentially indirectly affect the PEG score through influencing the patient's physical activity levels, which in turn could impact pain intensity and interference.
Step 5: On the other hand, changing PEG score (pain intensity and interference) may not directly cause a change in fear avoidance beliefs, as fear avoidance is a psychological construct.
Step 6: However, a higher PEG score could potentially lead to increased fear avoidance if the patient perceives their pain as unmanageable and avoids physical activity as a result.
Step 7: Given that both fear avoidance and PEG score are related to chronic low back pain, there is a possibility of a bidirectional relationship between the two, but it is not straightforward.
Step 8: Based on the given information, it is more likely that changing fear avoidance can cause a change in PEG, either directly or through one or more intermediate variables, rather than the other way around.

Conclusion: A",,True,,,,False,
Financial_level,PEG,False,"Reasoning Process:
Step 1: The PEG score is a measure of pain interference and pain intensity due to chronic low back pain. It does not directly relate to a person's financial level.
Step 2: While a person's financial level might indirectly affect their ability to seek and afford healthcare for their chronic pain, there is no inherent mechanism that suggests a direct causal relationship between financial level and PEG score.
Step 3: Therefore, it is reasonable to conclude that changing Financial_level does not cause a change in PEG, either directly or through one or more intermediate variables.

Conclusion: C",,True,,,,False,
Sleep disturbance,PEG,False,"Reasoning Process:
Step 1: First, we need to understand the definitions of the variables involved: Sleep disturbance and PEG score. Sleep disturbance is a self-reported perception of sleep quality, sleep depth, and restoration associated with sleep. PEG score is an index measuring pain interference and pain intensity due to chronic low back pain.
Step 2: Next, we consider the causal relationship between the two variables. Sleep disturbance is a self-reported perception of sleep quality, which is not directly related to pain intensity or pain interference (as measured by the PEG score).
Step 3: On the other hand, pain (as measured by the PEG score) can potentially affect sleep quality. For example, severe pain might make it difficult to fall asleep or stay asleep, leading to a sleep disturbance. However, this relationship is not one-directional, as other factors such as stress, anxiety, and depression can also affect both sleep and pain.
Step 4: Given the definitions and the potential for a bidirectional relationship between sleep and pain, it is more likely that changes in PEG score can cause changes in Sleep disturbance, either directly or through one or more intermediate variables. This is not to say that Sleep disturbance cannot influence PEG score, but the direct relationship is less clear.

Conclusion: B",,True,,,,False,
Alcohol,Depression,True,"Reasoning Process:
Step 1: Alcohol consumption can lead to various health issues, including liver disease, addiction, and mental health problems. Among these, depression is a known complication of alcohol abuse.
Step 2: Depression, on the other hand, is not typically a direct cause of alcohol consumption. While some may turn to alcohol as a coping mechanism, the causal relationship is more likely to be from alcohol to depression, rather than depression to alcohol.

Conclusion: A",,,,,,True,
Financial_level,Alcohol,True,"Reasoning Process:
Step 1: Alcohol consumption is a personal choice and not directly influenced by one's financial level. It is not typically considered an intermediate variable for financial status.
Step 2: Financial level can indirectly influence alcohol consumption through factors such as accessibility of alcohol, stress levels, and social norms, but these are intermediate variables. Direct causation is not typically observed.
Step 3: Given that financial level does not directly cause alcohol consumption and alcohol consumption does not directly cause financial level, we can infer that the causal direction is not straightforward.
Step 4: However, since financial level can indirectly influence alcohol consumption through intermediate variables, we can say that there is a potential for a correlation between the two, but not a direct causal relationship.

Conclusion: B",,,,,,True,
Sleep disturbance,Anxiety,True,"Reasoning Process:
Step 1: Given the definition of PROMIS anxiety, it includes symptoms such as fear, worry, feelings of panic, and hyperarousal, which are not directly related to sleep disturbance.
Step 2: On the other hand, the definition of Sleep disturbance does not include any symptoms that are directly related to anxiety, such as fear, worry, or feelings of panic.
Step 3: Therefore, it is more likely that Sleep disturbance does not cause Anxiety, as there is no direct or obvious link between the two based on their definitions.

Conclusion: B",,,,,,True,
Catastrophizing,Sleep disturbance,True,"Reasoning Process:
Step 1: Given the definition of Pain Catastrophizing, it is a psychological response to pain that involves magnifying the threat value of pain, feeling helpless, and having a relative inability to prevent or inhibit pain-related thoughts. This suggests that it is a mental or emotional state that can be triggered by the presence of pain.
Step 2: Sleep disturbance, on the other hand, is a self-reported perception of sleep quality, sleep depth, and restoration associated with sleep. It is not directly related to mental or emotional states, but rather to the quality of sleep itself.
Step 3: Therefore, it is more likely that Sleep disturbance does not directly cause Catastrophizing, as it is a physical or physiological condition rather than a psychological one.
Step 4: However, it is possible that Sleep disturbance could indirectly influence Catastrophizing through its impact on mood, stress levels, or other psychological factors. For example, poor sleep could lead to increased stress, which in turn could lead to increased pain catastrophizing.
Step 5: However, the direct causal relationship between Sleep disturbance and Catastrophizing is less likely than the reverse, as the definition of Catastrophizing suggests it is a response to pain, not a cause of it.
Step 6: Therefore, the causal direction is more likely to be Catastrophizing causes Sleep disturbance.

Conclusion: A",,,,,,True,
Obesity,Depression,True,"Reasoning Process:
Step 1: Obesity is a physical condition related to weight and body mass index, while PROMIS depression is a psychological condition related to affective and cognitive manifestations of depression. Therefore, it is more likely that physical conditions do not directly cause psychological conditions.
Step 2: Research has shown that obesity can lead to various psychological issues, including depression, due to social stigma, low self-esteem, and other health problems associated with obesity. This suggests a causal relationship from Obesity to Depression.
Step 3: While depression can affect a person's lifestyle and behaviors, such as diet and exercise, it is less likely that depression would directly cause obesity without the presence of other factors, such as genetic predisposition or environmental influences.

Conclusion: B",,,,,,True,
Education,Financial_level,True,"Reasoning Process:
Step 1: Identifying potential intermediate variables that could link the two variables
Step 2: Considering variables that are typically influenced by Education, such as job opportunities, skills, and knowledge
Step 3: Considering variables that are typically influenced by Financial_level, such as access to resources, opportunities, and ability to invest in education
Step 4: Evaluating which variable is more likely to have a direct impact on the other, based on the nature of the variables and their typical influences

Conclusion: A",,,,,,True,
Financial_level,Sleep disturbance,True,"Reasoning Process:
Step 1: Identify potential intermediate variables that could link the two variables
Step 2: Consider the nature of the variables: Financial_level is a proxy for socioeconomic status, while Sleep disturbance is a self-reported perception of sleep quality. It is less likely that financial status would directly affect sleep quality, but it could indirectly affect sleep through factors such as stress, access to healthcare, or ability to afford sleep-promoting resources.
Step 3: Consider the nature of the variables in reverse: Sleep disturbance is a subjective experience and it is less likely that it would directly cause changes in financial level, but it could potentially indirectly affect financial level through factors such as reduced productivity, increased healthcare costs, or decreased job performance.
Step 4: Evaluate the strength of the potential causal relationships: The evidence suggests that the indirect effects of sleep disturbance on financial level are more tenuous and less consistent than the indirect effects of financial level on sleep disturbance.
Step 5: Based on the above reasoning, determine the more likely causal direction

Conclusion: A",,,,,,True,
Smoking,Financial_level,True,"Reasoning Process:
Step 1: Smoking is a personal habit and not directly influenced by financial level. It is not typically considered that a higher or lower financial level would cause someone to start or stop smoking.
Step 2: On the other hand, smoking can have significant financial implications. Smoking is associated with increased healthcare costs due to smoking-related diseases, and these costs can strain a person's financial resources, potentially leading to a lower financial level.

Conclusion: B",,,,,,True,
