Var1,Var2,Plausibility,Plausibility Reasoning,Plausibility Report,Association Report,Temporality Report,Direction_Resolved,Direction Report
Alcohol,Fear_avoidance,True,"Reasoning Process:
Step 1: Alcohol consumption can affect an individual's physical and mental health, potentially leading to changes in behavior and attitudes.
Step 2: Fear avoidance is a psychological construct related to a patient's beliefs about physical activity and work, which may contribute to low back pain and resulting disability.
Step 3: There is evidence suggesting that alcohol consumption can lead to anxiety and depression, which in turn may increase fear avoidance beliefs.
Step 4: Additionally, alcohol consumption can impair cognitive function, which may lead to avoidance of physical activity due to perceived risk or discomfort.
Step 5: While a direct causal relationship between alcohol and fear avoidance may not be immediately apparent, there are plausible intermediate variables (anxiety, depression, and cognitive impairment) that could link the two.

Conclusion: Yes",,,,False,
Education,Fear_avoidance,True,"Reasoning Process:
Step 1: Education is a factor that can influence an individual's understanding and perception of their health and well-being. Higher levels of education are often associated with better health literacy and access to information.
Step 2: Fear avoidance is a psychological construct that involves a patient's beliefs and attitudes towards physical activity and work, particularly in relation to their pain. These beliefs can significantly impact a patient's behavior and, consequently, their pain and disability.
Step 3: It is plausible that a higher level of education could influence fear avoidance beliefs, as a better understanding of health and pain management might lead to more positive attitudes towards physical activity and work.
Step 4: However, it's important to note that the relationship between education and fear avoidance is likely complex and may be influenced by other factors such as socioeconomic status, cultural background, and personal experiences.
Step 5: While there is evidence suggesting a potential relationship between education and fear avoidance, it is not definitive, and further research is needed to establish a causal relationship.

Conclusion: Yes",,,,False,
Education,Sleep disturbance,True,"Reasoning Process:
Step 1: Education level can influence various aspects of a person's life, including their lifestyle, stress levels, and access to healthcare resources.
Step 2: Poor education can lead to lower income, which may result in stress and financial worries, both of which are known to negatively impact sleep quality.
Step 3: Education can also influence knowledge about sleep hygiene, such as the importance of regular sleep schedules, avoiding caffeine and alcohol before bedtime, and creating a sleep-conducive environment.
Step 4: Poor sleep quality can in turn affect cognitive function, which may impact a person's ability to learn and perform well in school, creating a feedback loop where poor sleep leads to poor education outcomes.
Step 5: There is also evidence that sleep disturbance can be a symptom of various mental health disorders, such as depression and anxiety, which are more prevalent among individuals with lower levels of education.
Step 6: Given the above points, it is plausible that Education may have a causal relationship with Sleep disturbance, either directly or through one or more intermediate variables.

Conclusion: Yes",,,,False,
Financial_level,Fear_avoidance,True,"Reasoning Process:
Step 1: Financial level is a proxy for socioeconomic status, which can influence various aspects of a person's life, including their access to healthcare, education, and support systems.
Step 2: Fear avoidance is related to a patient's beliefs and attitudes towards physical activity and work, which can be influenced by various factors, including psychological and emotional factors.
Step 3: It is plausible that a person's financial level, as a proxy for socioeconomic status, could indirectly influence fear avoidance through factors such as stress, anxiety, and depression, which are known to be associated with both financial difficulties and fear avoidance.
Step 4: While a direct causal relationship between financial level and fear avoidance may not be immediately apparent, the potential for an indirect relationship through intermediate variables is plausible based on the known influences of socioeconomic status and fear avoidance.

Conclusion: Yes",,,,False,
Obesity,Fear_avoidance,True,"Reasoning Process:
Step 1: Obesity and fear avoidance are two distinct concepts. Obesity refers to a condition where a person has excess body weight, often due to an imbalance between caloric intake and energy expenditure. Fear avoidance, on the other hand, is a psychological construct that refers to a patient's fear of physical activity and work, and its potential impact on low back pain and disability.
Step 2: While obesity and fear avoidance are separate entities, there is evidence to suggest that they may be interrelated. For instance, obesity can lead to physical discomfort, pain, and reduced mobility, which could potentially increase fear avoidance. Conversely, fear avoidance can lead to reduced physical activity, which may contribute to weight gain and obesity.
Step 3: Additionally, there is a significant body of research that suggests a link between obesity and chronic pain, including low back pain. This relationship is thought to be due to various factors such as mechanical stress on weight-bearing joints, inflammation, and altered pain perception. Given this, it is plausible that obesity could indirectly contribute to fear avoidance through its association with chronic pain.
Step 4: However, it's important to note that the relationship between obesity and fear avoidance is complex and likely influenced by a multitude of factors, including psychological, social, and biological factors. Therefore, while it is plausible that there is a relationship, more research is needed to fully understand the nature and direction of this relationship.
Step 5: In conclusion, based on the existing knowledge, it is plausible that obesity may have a causal relationship with fear avoidance, either directly or through one or more intermediate variables.

Conclusion: Yes",,,,False,
Obesity,Smoking,True,"Reasoning Process:
Step 1: Obesity and smoking are two distinct conditions, each with their own set of causes and effects. Obesity is primarily related to diet, physical activity, genetics, and other factors that influence weight gain, while smoking is related to the consumption of tobacco products.
Step 2: However, it is plausible that there could be a causal relationship between obesity and smoking, indirectly, through shared risk factors or behaviors. For example, stress, depression, and poor coping mechanisms are associated with both obesity and smoking.
Step 3: Additionally, some studies suggest that obesity may lead to smoking as a means to control appetite and weight, or as a coping mechanism for emotional eating. Conversely, smoking may lead to weight gain due to increased appetite and decreased metabolism.
Step 4: While the direct causal relationship between obesity and smoking may not be well established, the indirect relationship through shared risk factors and behaviors is plausible based on existing knowledge.

Conclusion: Yes",,,,False,
Smoking,Catastrophizing,True,"Reasoning Process:
Step 1: Smoking is known to have several negative effects on the body, including cardiovascular and respiratory issues. One of the potential effects of smoking is the increased risk of developing certain diseases, such as chronic obstructive pulmonary disease (COPD) and cardiovascular diseases.
Step 2: Chronic diseases, including COPD and cardiovascular diseases, can cause significant physical discomfort and pain. This discomfort and pain can lead to increased pain sensitivity and a heightened pain response, which is a key component of pain catastrophizing.
Step 3: Furthermore, smoking can also lead to psychological effects, such as anxiety and depression, which are known to be associated with increased pain catastrophizing.
Step 4: Given the above, it is plausible that smoking may have a causal relationship with catastrophizing, either directly through the physical discomfort and pain caused by smoking-related diseases, or indirectly through the psychological effects of smoking.

Conclusion: Yes",,,,False,
Smoking,Fear_avoidance,True,"Reasoning Process:
Step 1: Smoking is known to have various negative effects on the body, including cardiovascular, respiratory, and immune system issues. These effects can lead to a general decline in health and well-being.
Step 2: Fear avoidance is a psychological construct that refers to a patient's beliefs about the potential harm of physical activity and work, and how these beliefs may contribute to their pain and disability. It is not a direct physiological effect.
Step 3: While there is no direct biological link between smoking and fear avoidance, it is plausible that a decline in health due to smoking could indirectly contribute to fear avoidance. For example, a person with a chronic cough or shortness of breath due to smoking may avoid physical activity out of fear of exacerbating their symptoms, leading to fear avoidance.
Step 4: Additionally, smoking can lead to stress and anxiety, which are psychological factors that could potentially contribute to fear avoidance.
Step 5: There is some empirical evidence supporting the association between smoking and fear avoidance. For instance, a study published in the Journal of Pain found that smokers with chronic low back pain reported higher levels of fear avoidance than non-smokers.

Conclusion: Yes",,,,False,
Sex,Alcohol,True,"Reasoning Process:
Step 1: Sex is a biological characteristic that determines the reproductive functions of an individual. It does not have a direct biological relationship with alcohol consumption.
Step 2: However, there can be indirect relationships between sex and alcohol consumption through various factors such as social norms, cultural practices, and psychological factors like stress management.
Step 3: For instance, men and women may have different social norms and cultural practices regarding alcohol consumption, which could lead to differences in alcohol intake between the sexes.
Step 4: Additionally, stress management strategies can vary between men and women, and alcohol may be used as a coping mechanism in some cases.
Step 5: Given these factors, it is plausible that sex may have a causal relationship with alcohol consumption, either directly or through one or more intermediate variables.

Conclusion: Yes",,,,False,
Sex,Anxiety,True,"Reasoning Process:
Step 1: Sex is a biological characteristic that can influence various aspects of an individual's physiology, including hormone levels and brain structure.
Step 2: Anxiety is a psychological state that can be influenced by various factors, including hormone levels and brain structure.
Step 3: Therefore, it is plausible that Sex may have a causal relationship with Anxiety, either directly or through one or more intermediate variables, such as hormone levels and brain structure.

Conclusion: Yes",,,,False,
Sex,CCI,True,"Reasoning Process:
Step 1: Sex is a biological characteristic that can influence various aspects of an individual's health, including hormonal balance, genetics, and lifestyle.
Step 2: CCI is a measure of the number of comorbidities, or the presence of two or more chronic diseases or conditions in a patient.
Step 3: There are several chronic conditions, such as cardiovascular disease, diabetes, and certain types of cancer, that have been shown to have a sex-based prevalence and/or severity.
Step 4: These sex-based differences in chronic disease prevalence and severity can lead to differences in CCI between males and females.
Step 5: Additionally, sex can influence lifestyle factors, such as diet, exercise, and stress levels, which in turn can affect the development and progression of chronic diseases.
Step 6: Given the above points, it is plausible that Sex may have a causal relationship with CCI, either directly or through one or more intermediate variables.

Conclusion: Yes",,,,False,
Sex,Catastrophizing,True,"Reasoning Process:
Step 1: Sex is a biological characteristic that can influence various aspects of an individual's physiology, including the nervous system and hormonal balance.
Step 2: Pain catastrophizing is a psychological construct related to an individual's thoughts and feelings about pain, which can be influenced by various factors, including psychological and emotional factors.
Step 3: There is evidence suggesting that psychological and emotional factors can influence pain perception and pain-related behaviors, and that these factors can be influenced by biological factors such as sex.
Step 4: Therefore, it is plausible that Sex may have a causal relationship with Catastrophizing, either directly or through one or more intermediate variables, as biological factors can influence psychological and emotional states, which in turn can influence pain catastrophizing.

Conclusion: Yes",,,,False,
Sex,Depression,True,"Reasoning Process:
Step 1: Sex is a biological characteristic that can influence various aspects of an individual's life, including their physical and mental health.
Step 2: Depression is a mental health disorder that can have various causes, including biological, psychological, and social factors.
Step 3: There is substantial evidence suggesting that biological factors play a significant role in the development of depression.
Step 4: Research has shown that hormonal imbalances, genetic predispositions, and brain structure and function can contribute to the onset and progression of depression.
Step 5: Sex hormones, such as estrogen and testosterone, have been linked to mood regulation and can influence the risk of developing depression.
Step 6: Given the known biological links between sex and mood regulation, it is plausible that sex may have a causal relationship with depression, either directly or through one or more intermediate variables.

Conclusion: Yes",,,,False,
Sex,Education,True,"Reasoning Process:
Step 1: Sex is a biological characteristic that can influence various aspects of an individual's life, including access to resources, opportunities, and experiences.
Step 2: Education is a measure of an individual's knowledge and skills acquired through learning, which can be influenced by various factors, including access to resources, opportunities, and experiences.
Step 3: Since sex can influence access to resources, opportunities, and experiences, it is plausible that sex may indirectly affect education through these intermediate variables.
Step 4: Moreover, there may be direct relationships between sex and education, such as differences in educational opportunities and resources provided to boys and girls in some societies.
Step 5: Given the above points, it is plausible that sex may have a causal relationship with education, either directly or through one or more intermediate variables.

Conclusion: Yes",,,,False,
Sex,Fear_avoidance,True,"Reasoning Process:
Step 1: Sex is a biological characteristic that can influence various aspects of an individual's life, including their physical and psychological health.
Step 2: Fear avoidance is a psychological construct related to an individual's beliefs and attitudes towards physical activity and work, which can impact their behavior and, in turn, their health.
Step 3: There is evidence to suggest that psychological factors, such as fear avoidance, can play a significant role in the development and maintenance of chronic pain, including low back pain.
Step 4: While there is no direct biological link between sex and fear avoidance, it is plausible that sex could indirectly influence fear avoidance through various psychological, social, and cultural factors.
Step 5: For example, men and women may have different experiences, attitudes, and coping mechanisms when it comes to pain and physical activity, which could potentially lead to differences in fear avoidance beliefs.
Step 6: Additionally, societal and cultural norms around gender roles and expectations may also influence fear avoidance beliefs, as men and women may be socialized differently with regards to pain management and activity levels.
Step 7: Given the above, it is plausible that Sex may have a causal relationship with Fear_avoidance, either directly or through one or more intermediate variables.

Conclusion: Yes",,,,False,
Sex,Financial_level,True,"Reasoning Process:
Step 1: Socioeconomic status, including financial level, is influenced by a variety of factors, including education, occupation, and access to resources.
Step 2: Gender, or sex, can influence these factors, as there may be societal and systemic biases that lead to differences in access to education, job opportunities, and resources between men and women.
Step 3: Therefore, it is plausible that sex may have a causal relationship with financial level, either directly or through one or more intermediate variables.

Conclusion: Yes",,,,False,
Sex,Obesity,True,"Reasoning Process:
Step 1: Sex is a biological characteristic that can influence various aspects of an individual's physiology, including hormone production and metabolism.
Step 2: Obesity is often associated with factors such as diet, physical activity, and hormonal imbalances, some of which can be influenced by sex.
Step 3: Research has shown that sex differences exist in the prevalence of obesity, with women having a higher risk of obesity than men, especially after menopause.
Step 4: Additionally, sex hormones like estrogen and testosterone play a role in metabolism and fat distribution, which can contribute to the development of obesity.
Step 5: Given the above points, it is plausible that sex may have a causal relationship with obesity, either directly or through one or more intermediate variables.

Conclusion: Yes",,,,False,
Sex,PEG,True,"Reasoning Process:
Step 1: Sex is a biological characteristic that can influence various aspects of health and physiology, including hormone levels, muscle strength, and bone density.
Step 2: Chronic low back pain (CLBP) can be influenced by a variety of factors, including hormone levels, muscle strength, and bone density.
Step 3: Therefore, it is plausible that Sex, as a biological characteristic, could potentially influence CLBP through one or more intermediate variables.

Conclusion: Yes",,,,False,
Sex,Sleep disturbance,True,"Reasoning Process:
Step 1: Sleep disturbance is a subjective measure of an individual's perception of their sleep quality, depth, and restoration. It is not a biological sex-linked trait.
Step 2: While there are differences in sleep patterns between men and women, these differences are often influenced by various factors such as hormonal changes, lifestyle, stress levels, and health conditions, not necessarily by sex itself.
Step 3: Therefore, it is plausible that sex may have an indirect relationship with sleep disturbance through these intermediate variables, but a direct causal relationship between sex and sleep disturbance is not biologically, theoretically, or scientifically reasonable based on existing knowledge.

Conclusion: Yes",,,,False,
Sex,Smoking,True,"Reasoning Process:
Step 1: Sex is a biological characteristic that can influence various aspects of an individual's life, including lifestyle choices.
Step 2: Smoking is a lifestyle choice that can be influenced by various factors, including social, psychological, and biological factors.
Step 3: It is known that there are differences in smoking rates between men and women, with men historically having higher rates of smoking than women, but this gap is closing.
Step 4: These differences in smoking rates could be due to a variety of factors, including biological differences between men and women, such as hormonal influences, genetic predispositions, and differences in the way the body processes nicotine.
Step 5: Therefore, it is plausible that Sex may have a causal relationship with Smoking, either directly or through one or more intermediate variables.

Conclusion: Yes",,,,False,
Age,Alcohol,True,"Reasoning Process:
Step 1: Age is a biological factor that can influence various aspects of a person's life, including their lifestyle choices.
Step 2: Alcohol consumption is a lifestyle choice that can be influenced by various factors, including a person's age.
Step 3: It is plausible that a person's age could indirectly influence their alcohol consumption through factors such as social norms, maturity, and accessibility.
Step 4: It is also plausible that a person's age could have a direct effect on their alcohol consumption, as older individuals may have different health conditions or medications that affect their tolerance to alcohol.
Step 5: Given the above points, it is plausible that Age may have a causal relationship with Alcohol, either directly or through one or more intermediate variables.

Conclusion: Yes",,,,False,
Age,Anxiety,True,"Reasoning Process:
Step 1: Age is a biological factor that can influence various aspects of a person's life, including their mental health.
Step 2: Anxiety is a mental health condition that can be influenced by various factors, including biological factors.
Step 3: The PROMIS anxiety measure includes symptoms such as fear, worry, feelings of panic, and somatic symptoms related to arousal, which can be influenced by age-related changes in the body.
Step 4: Research has shown that age can be a risk factor for anxiety disorders, with older adults being more susceptible to anxiety disorders compared to younger adults.
Step 5: Therefore, it is plausible that Age may have a causal relationship with Anxiety, either directly or through one or more intermediate variables.

Conclusion: Yes",,,,False,
Age,CCI,True,"Reasoning Process:
Step 1: Age is a factor that can influence a person's health and well-being, and thus may increase the likelihood of developing certain health conditions or comorbidities.
Step 2: The Comorbidity Composite Index (CCI) is a measure of the number of comorbidities a patient has. As a person ages, they are more likely to develop chronic conditions such as diabetes, heart disease, and arthritis, which are often included in the CCI.
Step 3: Therefore, it is plausible that Age may have a causal relationship with CCI, either directly or through one or more intermediate variables.

Conclusion: Yes",,,,False,
Age,Catastrophizing,True,"Reasoning Process:
Step 1: Age is a biological factor that can influence various aspects of a person's life, including their physical and psychological health.
Step 2: Pain catastrophizing is a psychological construct that involves the magnification of pain, feelings of helplessness, and the inability to prevent or inhibit pain-related thoughts.
Step 3: Research has shown that age can influence psychological factors, such as stress, anxiety, and depression, which in turn can affect pain catastrophizing.
Step 4: There is also evidence suggesting that older adults may have a higher risk of chronic pain conditions, which could potentially be linked to increased pain catastrophizing.
Step 5: While the relationship between age and pain catastrophizing is complex and likely influenced by multiple factors, it is plausible that age may have a causal relationship with pain catastrophizing, either directly or through one or more intermediate variables.

Conclusion: Yes",,,,False,
Age,Depression,True,"Reasoning Process:
Step 1: Age is a known risk factor for various mental health conditions, including depression, as stressors and life events can accumulate over time, potentially leading to depression.
Step 2: There are also biological mechanisms that suggest a potential link between age and depression, such as changes in brain structure and function, hormonal imbalances, and inflammation.
Step 3: Additionally, social factors, such as isolation and financial stress, can increase with age and contribute to the development of depression.
Step 4: Furthermore, the PROMIS depression measure includes affective and cognitive manifestations of depression, which can be influenced by various factors, including age.
Step 5: Given the above points, it is plausible that Age may have a causal relationship with Depression, either directly or through one or more intermediate variables.

Conclusion: Yes",,,,False,
Age,Education,True,"Reasoning Process:
Step 1: Age is a biological factor that can influence various aspects of a person's life, including their ability to access education.
Step 2: Education level can be affected by factors such as socioeconomic status, which may be influenced by a person's age, as older individuals may have fewer opportunities for education due to financial constraints or societal norms.
Step 3: Additionally, cognitive abilities can decline with age, which might impact a person's ability to perform well in school or pursue higher education.
Step 4: On the other hand, education can also influence a person's age, as higher levels of education often lead to better job opportunities and higher income, which can provide more resources for a longer lifespan.
Step 5: However, this relationship is complex and can be influenced by numerous other factors such as genetics, environment, and personal choices. Therefore, it is plausible that Age may have a causal relationship with Education, either directly or through one or more intermediate variables.

Conclusion: Yes",,,,False,
Age,Fear_avoidance,True,"Reasoning Process:
Step 1: Age is a factor that can influence a person's physical and psychological well-being, including their beliefs and attitudes towards physical activity and work.
Step 2: Fear avoidance is a construct related to a patient's beliefs and attitudes towards physical activity and work, which can contribute to low back pain and resulting disability.
Step 3: It is plausible that as people age, they may develop more fear avoidance beliefs due to factors such as decreased physical capacity, increased awareness of potential risks, or past experiences of pain or injury.
Step 4: Therefore, it is plausible that Age may have a causal relationship with Fear_avoidance, either directly or through one or more intermediate variables.

Conclusion: Yes",,,,False,
Age,Financial_level,True,"Reasoning Process:
Step 1: Age is a factor that can influence a person's financial level directly, as older individuals may have had more time to accumulate wealth or savings, or may have higher retirement income.
Step 2: Age can also indirectly affect financial level through various intermediate variables such as education, employment history, and health status, which can all impact a person's earning potential and ability to save.
Step 3: Moreover, there may be societal factors, such as age discrimination in the workforce or pension systems that are designed to favor older individuals, further strengthening the potential causal relationship between Age and Financial_level.
Step 4: Given these considerations, it is plausible that Age may have a causal relationship with Financial_level.

Conclusion: Yes",,,,False,
Age,Obesity,True,"Reasoning Process:
Step 1: Age is a factor that can influence lifestyle choices, such as diet and exercise, which in turn can lead to obesity.
Step 2: Age can also affect metabolism, hormone levels, and other physiological processes that may contribute to weight gain over time.
Step 3: There is a significant body of scientific evidence that supports the idea that age is associated with an increased risk of obesity.
Step 4: While age does not directly cause obesity, it can create conditions that make it more likely for an individual to become obese.

Conclusion: Yes",,,,False,
Age,PEG,True,"Reasoning Process:
Step 1: Age is a biological factor that can affect various aspects of health, including chronic conditions such as chronic low back pain.
Step 2: Chronic low back pain can lead to increased pain intensity and pain interference, as measured by the PEG score.
Step 3: Therefore, it is plausible that Age, as a biological factor, may indirectly influence PEG score through its effect on chronic low back pain.
Step 4: While Age may not have a direct causal relationship with PEG score, it can have an indirect one through the mediating factor of chronic low back pain.

Conclusion: Yes",,,,False,
Age,Sleep disturbance,True,"Reasoning Process:
Step 1: Age is a biological factor that can influence various aspects of health, including sleep patterns.
Step 2: Sleep disturbance is a measure of self-reported perceptions of sleep quality, sleep depth, and restoration associated with sleep. This suggests that it is related to the quality of sleep, which can be affected by various factors, including age.
Step 3: There is a well-established relationship between age and changes in sleep patterns, such as the onset of sleep disorders like insomnia and sleep apnea, which can lead to sleep disturbance.
Step 4: Additionally, age can indirectly affect sleep disturbance through other intermediate variables, such as chronic health conditions, medication use, and lifestyle factors, which are known to impact sleep quality.
Step 5: Given the above points, it is plausible that Age may have a causal relationship with Sleep disturbance, either directly or through one or more intermediate variables.

Conclusion: Yes",,,,False,
Age,Smoking,True,"Reasoning Process:
Step 1: Age is a biological factor that can influence various aspects of a person's life, including habits and lifestyle choices.
Step 2: Smoking is often a habit that is adopted at a certain age and can continue throughout a person's life, or may be influenced by age-related factors such as stress, social norms, or health conditions.
Step 3: Therefore, it is plausible that Age may have a causal relationship with Smoking, either directly (if smoking is adopted at a certain age) or indirectly (if age-related factors influence the likelihood of smoking).

Conclusion: Yes",,,,False,
Alcohol,PEG,True,"Reasoning Process:
Step 1: Alcohol consumption can affect various bodily functions, including the central nervous system and brain, which are involved in the perception and management of pain.
Step 2: Chronic low back pain is a condition that involves the central nervous system and brain, and its management is often affected by various factors, including psychological and physiological factors.
Step 3: There is evidence suggesting that alcohol can exacerbate pain sensitivity and contribute to the development of chronic pain conditions, such as fibromyalgia, by altering the brain's pain processing mechanisms.
Step 4: The PEG score is a measure of pain interference and pain intensity due to chronic low back pain, which is a condition that can be affected by alcohol consumption.
Step 5: Given the above points, it is plausible that alcohol may have a causal relationship with PEG, either directly or through one or more intermediate variables.

Conclusion: Yes",,,,False,
Anxiety,PEG,True,"Reasoning Process:
Step 1: Anxiety, as defined, includes symptoms such as fear, worry, feelings of panic, and hyperarousal, which can lead to physical symptoms like tension, nervousness, restlessness, and cardiovascular symptoms. These symptoms can potentially exacerbate or contribute to the perception of pain.
Step 2: PEG score, on the other hand, measures pain interference and pain intensity due to chronic low back pain. While the score does not directly measure anxiety, the physical symptoms associated with anxiety, such as tension and cardiovascular symptoms, could potentially influence the PEG score.
Step 3: Therefore, it is plausible that Anxiety may have a causal relationship with PEG, either directly or through one or more intermediate variables, as the symptoms associated with anxiety could potentially exacerbate or contribute to the perception of pain, which is what the PEG score measures.

Conclusion: Yes",,,,False,
CCI,PEG,True,"Reasoning Process:
Step 1: CCI is a comorbidity index, which measures the number of comorbidities a patient has. Comorbidities are the presence of one or more additional diseases or conditions along with a primary disease or condition.
Step 2: PEG score is a measure of pain interference and pain intensity due to chronic low back pain. It is possible that chronic pain, such as low back pain, can be associated with other health conditions, which would increase the CCI score.
Step 3: It is plausible that some of these comorbidities could potentially affect the PEG score, either by exacerbating the pain or by influencing the patient's ability to report pain intensity and interference.
Step 4: For example, conditions such as depression, anxiety, or sleep disorders, which are often comorbid with chronic pain, could indirectly affect the PEG score by impacting the patient's perception of pain or their ability to function normally.
Step 5: Therefore, it is plausible that CCI may have a causal relationship with PEG, either directly or through one or more intermediate variables.

Conclusion: Yes",,,,False,
Catastrophizing,PEG,True,"Reasoning Process:
Step 1: Pain catastrophizing is a psychological construct that involves magnifying the threat value of a pain stimulus and feeling helpless in the presence of pain, which can lead to an increased perception of pain intensity.
Step 2: Chronic low back pain, as measured by the PEG score, is a physical condition that can be influenced by various factors, including psychological factors such as pain catastrophizing.
Step 3: Given that pain catastrophizing can increase the perception of pain intensity, it is plausible that it may contribute to the pain interference and pain intensity measured by the PEG score.
Step 4: While there may be other intermediate variables involved, the direct relationship between pain catastrophizing and PEG score is biologically, theoretically, and scientifically reasonable, based on existing knowledge.

Conclusion: Yes",,,,False,
Depression,PEG,True,"Reasoning Process:
Step 1: Depression is a condition characterized by affective and cognitive manifestations, which can include symptoms such as sadness, loss of interest, and changes in thinking and behavior.
Step 2: PEG score is a measure of pain interference and pain intensity due to chronic low back pain, which can have psychological and emotional impacts on individuals.
Step 3: Research has shown that chronic pain and depression often co-occur, with depression being a common comorbidity in patients with chronic pain.
Step 4: The co-occurrence of depression and chronic pain suggests a potential causal relationship, where chronic pain may lead to depression due to the emotional and psychological distress associated with pain, or depression may exacerbate the perception of pain.
Step 5: Additionally, there are biological mechanisms that support a potential causal relationship between depression and chronic pain, such as altered neurotransmitter levels, inflammation, and changes in the brain's structure and function.
Step 6: Given the evidence of co-occurrence, the biological mechanisms, and the emotional and psychological impacts of chronic pain, it is plausible that Depression may have a causal relationship with PEG, either directly or through one or more intermediate variables.

Conclusion: Yes",,,,False,
Education,PEG,True,"Reasoning Process:
Step 1: Chronic low back pain (PEG) is a physical condition, while education is a measure of an individual's level of knowledge. There is no inherent biological or direct causal relationship between the two.
Step 2: However, education can indirectly affect PEG through various intermediate variables. For example, individuals with higher education levels may have better access to healthcare, leading to earlier diagnosis and treatment of chronic conditions, including low back pain. Additionally, education can influence lifestyle factors such as physical activity, stress management, and overall health awareness, which can indirectly impact the development and management of chronic pain.
Step 3: Furthermore, there is evidence suggesting that individuals with higher education levels may have a better understanding of their pain and coping mechanisms, which can lead to improved pain management and reduced pain interference.
Step 4: In conclusion, while there is no direct causal relationship between education and PEG, there are several plausible indirect relationships through intermediate variables.

Conclusion: Yes",,,,False,
Fear_avoidance,PEG,True,"Reasoning Process:
Step 1: Fear avoidance is a patient-reported questionnaire that focuses on fear avoidance beliefs about physical activity and work, which may affect and contribute to low back pain and resulting disability. Chronic low back pain is a common symptom that can interfere with daily activities and work, as measured by the PEG score.
Step 2: The fear avoidance questionnaire measures fear avoidance beliefs, which are psychological factors that can influence a patient's behavior and activity levels. These beliefs can potentially lead to avoidance of physical activity and work, which can in turn exacerbate chronic low back pain.
Step 3: Existing research has shown that fear avoidance beliefs can contribute to the development and maintenance of chronic pain, including low back pain. This is because fear avoidance can lead to reduced activity levels, which can result in deconditioning and increased pain sensitivity.
Step 4: Furthermore, fear avoidance beliefs can also lead to a vicious cycle of pain, disability, and fear, where the fear of pain leads to avoidance of activity, which in turn leads to deconditioning and increased pain, and further fear and avoidance.
Step 5: Given the above, it is plausible that fear avoidance may have a causal relationship with PEG, either directly or through one or more intermediate variables, as fear avoidance beliefs can contribute to the development and maintenance of chronic low back pain, which can interfere with daily activities and work, as measured by the PEG score.

Conclusion: Yes",,,,False,
Financial_level,PEG,True,"Reasoning Process:
Step 1: Chronic pain, such as low back pain, can significantly impact a person's quality of life and ability to work, which in turn can affect their financial situation.
Step 2: On the other hand, a person's financial situation can also impact their ability to access healthcare, including pain management treatments, which could potentially affect the severity of their chronic pain.
Step 3: Therefore, it is plausible that there could be a bidirectional relationship between Financial_level and PEG, where one can influence the other, either directly or through intermediate variables.

Conclusion: Yes",,,,False,
Obesity,PEG,True,"Reasoning Process:
Step 1: Obesity is associated with various health conditions, such as diabetes, hypertension, and cardiovascular disease, which are known to exacerbate chronic pain conditions.
Step 2: Chronic low back pain, the condition PEG score is used to measure, can be influenced by a variety of factors, including physical factors (e.g., muscle strain, herniated discs), psychological factors (e.g., stress, anxiety), and lifestyle factors (e.g., obesity, smoking).
Step 3: While there is no direct causal link established between obesity and PEG score, it is plausible that obesity could indirectly affect PEG score through factors such as increased stress on the lower back, inflammation, and poor physical conditioning.
Step 4: Given the existing knowledge about the relationship between obesity and various health conditions that can exacerbate chronic pain, and the fact that chronic low back pain can be influenced by multiple factors, it is reasonable to consider a potential indirect causal relationship between obesity and PEG score.

Conclusion: Yes",,,,False,
Sleep disturbance,PEG,True,"Reasoning Process:
Step 1: Chronic low back pain (PEG) and sleep disturbance are two distinct entities, each with their own set of factors that can influence them.
Step 2: Research has shown that chronic pain, such as low back pain, can lead to sleep disturbances due to factors like discomfort, anxiety, and depression.
Step 3: On the other hand, sleep disturbances can also exacerbate pain sensitivity and perception, potentially increasing pain intensity (PEG).
Step 4: Therefore, it is plausible that a causal relationship exists between sleep disturbance and PEG, either directly or through intermediate variables such as pain sensitivity, anxiety, and depression.

Conclusion: Yes",,,,False,
Smoking,PEG,True,"Reasoning Process:
Step 1: Smoking is known to have numerous negative effects on the cardiovascular and respiratory systems, which can lead to various health issues.
Step 2: Chronic low back pain, as measured by the PEG score, is not directly related to cardiovascular or respiratory issues, but it can be associated with psychological factors such as stress, anxiety, and depression.
Step 3: Smoking can indirectly affect psychological factors due to its association with stress, anxiety, and depression, which in turn can exacerbate chronic pain.
Step 4: Therefore, it is plausible that smoking may have a causal relationship with PEG, indirectly through the impact on psychological factors.

Conclusion: Yes",,,,False,
Alcohol,Anxiety,True,"Reasoning Process:
Step 1: Alcohol is a psychoactive substance that can affect the central nervous system, potentially leading to changes in mood and emotional state.
Step 2: Anxiety is a mental health condition characterized by feelings of fear, worry, and nervousness, which can be exacerbated by changes in mood and emotional state.
Step 3: While it's possible that chronic anxiety could lead to increased alcohol consumption as a coping mechanism, the direct causal relationship between alcohol and anxiety is more evident due to alcohol's effects on the central nervous system.

Conclusion: A",,,,True,
CCI,Alcohol,True,"Reasoning Process:
Step 1: Alcohol consumption is a behavior that can be influenced by various factors, including health status. However, it is not typically considered a direct cause of a comorbidity index, which measures the number of existing health conditions.
Step 2: Comorbidities, on the other hand, can potentially influence alcohol consumption. For example, certain health conditions may lead to increased alcohol consumption as a coping mechanism, or alcohol abuse may lead to the development of comorbidities.
Step 3: Given the definitions provided, it is more likely that CCI causes Alcohol, as alcohol consumption is more likely to be influenced by existing health conditions rather than causing them.

Conclusion: B",,,,True,
Catastrophizing,Alcohol,True,"Reasoning Process:
Step 1: Alcohol consumption is a behavior that can affect an individual's physical and mental health. However, there is no direct biological or chemical mechanism known to link alcohol consumption with the development of pain catastrophizing.
Step 2: Pain catastrophizing is a psychological construct related to an individual's thoughts and feelings about pain. It is not a direct result of alcohol consumption.
Step 3: While alcohol can lead to various health issues, such as liver disease or neurological problems, these conditions are not typically immediate and are not directly linked to the development of pain catastrophizing.
Step 4: On the other hand, pain catastrophizing can potentially lead to increased alcohol consumption as a coping mechanism for managing chronic pain. This is a more plausible causal direction, as pain catastrophizing is a psychological state that can influence behavior.

Conclusion: B",,,,True,
Alcohol,Depression,True,"Reasoning Process:
Step 1: Alcohol consumption can lead to various health issues, including liver disease, addiction, and mental health problems. Among these, depression is a known complication of alcohol abuse.
Step 2: Depression, on the other hand, is not typically a direct cause of alcohol consumption. While some may turn to alcohol as a coping mechanism for depression, the causality is more likely to be from alcohol to depression, not the other way around.

Conclusion: A",,,,True,
Education,Alcohol,True,"Reasoning Process:
Step 1: Alcohol consumption is a behavior that is influenced by various factors, including personal choices, social norms, and cultural practices. It is not typically considered a direct cause of education level.
Step 2: Education level can indirectly influence alcohol consumption through factors such as income, access to resources, and understanding of health risks associated with alcohol.
Step 3: The causal relationship between education level and alcohol consumption is more plausible because education can provide individuals with the knowledge and resources to make informed decisions about their health and lifestyle, including alcohol consumption.

Conclusion: B",,,,True,
Financial_level,Alcohol,True,"Reasoning Process:
Step 1: Alcohol consumption is a personal choice and not directly influenced by one's financial level. It is not typically considered an intermediate variable for financial status.
Step 2: Financial level can indirectly influence alcohol consumption through factors such as accessibility of alcohol, stress levels, and social norms, but these are intermediate variables. The primary causal relationship is not that financial level directly causes alcohol consumption.
Step 3: Therefore, the causal direction is more likely to be that Financial_level does not cause Alcohol.

Conclusion: B",,,,True,
Alcohol,Obesity,True,"Reasoning Process:
Step 1: Alcohol consumption can lead to increased calorie intake, which may contribute to weight gain and obesity.
Step 2: There is no direct biological mechanism known that suggests obesity causes increased alcohol consumption.
Step 3: The relationship between alcohol and obesity is complex, but the evidence generally suggests a causal relationship from alcohol to obesity, not the other way around.

Conclusion: A",,,,True,
Sleep disturbance,Alcohol,True,"Reasoning Process:
Step 1: Alcohol consumption is a behavior that can be influenced by various factors, including personal choices, social factors, and health conditions. It is not typically considered a direct cause of sleep disturbance.
Step 2: Sleep disturbance, on the other hand, can indirectly affect alcohol consumption. For example, poor sleep quality may lead to increased stress, anxiety, or depression, which in turn could lead to increased alcohol consumption as a coping mechanism.
Step 3: Additionally, alcohol itself can disrupt sleep patterns and quality, leading to sleep disturbance. However, this is more of an immediate effect, and the causal relationship is not as straightforward as the reverse, as alcohol consumption is not the primary cause of sleep disturbance for most individuals.

Conclusion: B",,,,True,
Smoking,Alcohol,True,"Reasoning Process:
Step 1: Alcohol and smoking are two separate substances and habits, each with their own independent factors influencing their adoption.
Step 2: There is no biological or psychological evidence that suggests alcohol consumption directly causes smoking, or that it does so through any intermediate variables.
Step 3: On the other hand, there is a well-established link between smoking and alcohol consumption, as smoking can lead to increased alcohol consumption due to factors such as stress relief, social norms, and mood enhancement.
Step 4: Therefore, it is more likely that smoking causes alcohol consumption, rather than the other way around.

Conclusion: B",,,,True,
CCI,Anxiety,True,"Reasoning Process:
Step 1: Given the definition of PROMIS anxiety, it focuses on symptoms related to fear, anxiety, and arousal. These symptoms are not typically associated with the number of comorbidities (CCI).
Step 2: On the other hand, the presence of multiple comorbidities (CCI) could potentially lead to increased anxiety due to the complexity of managing multiple health conditions. This is a more plausible causal direction as it aligns with the general understanding that health issues can cause anxiety.

Conclusion: B",,,,True,
Catastrophizing,Anxiety,True,"Reasoning Process:
Step 1: Given the definition of PROMIS anxiety, it includes symptoms such as fear, worry, feelings of panic, and hyperarousal. These symptoms are not directly related to the inability to prevent or inhibit pain-related thoughts, which is a key component of pain catastrophizing.
Step 2: On the other hand, the definition of pain catastrophizing includes the tendency to magnify the threat value of a pain stimulus and to feel helpless in the presence of pain. These symptoms could potentially lead to increased anxiety, as the individual may worry about the pain and feel overwhelmed.
Step 3: Therefore, it is more likely that pain catastrophizing causes anxiety, as the symptoms of pain catastrophizing could lead to increased fear, worry, and feelings of panic, which are symptoms of anxiety.

Conclusion: B",,,,True,
Depression,Anxiety,True,"Reasoning Process:
Step 1: Both PROMIS anxiety and PROMIS depression are psychological conditions that often co-occur, meaning they can exist simultaneously in an individual. However, the definitions provided for each variable suggest that PROMIS anxiety focuses on fear, anxiety, and related symptoms, while PROMIS depression focuses on affective and cognitive manifestations of depression.
Step 2: The symptoms described in the definition of PROMIS anxiety, such as fear, worry, and hyperarousal, are not directly related to the symptoms described in the definition of PROMIS depression, such as affective and cognitive manifestations of depression.
Step 3: Given that the symptoms of PROMIS anxiety do not seem to be directly related to the symptoms of PROMIS depression, it is more likely that the causal direction is from Depression to Anxiety, as the symptoms of depression may lead to feelings of anxiety in some individuals.

Conclusion: B",,,,True,
Education,Anxiety,True,"Reasoning Process:
Step 1: Given the definitions, PROMIS anxiety is a psychological construct related to fear, worry, and somatic symptoms, while Education is a measure of academic achievement. There is no inherent connection between these two variables that suggests one causes the other.
Step 2: It is plausible that anxiety could potentially affect a person's ability to focus on their studies, which could indirectly impact their education level. However, this would be an indirect effect and would require additional variables (such as motivation, resources, and support) to fully understand the relationship.
Step 3: On the other hand, it is not plausible that Education would directly cause anxiety, as education level does not inherently produce feelings of fear, worry, or somatic symptoms.

Conclusion: B",,,,True,
Anxiety,Fear_avoidance,True,"Reasoning Process:
Step 1: Given the definition of PROMIS anxiety, it focuses on various symptoms related to fear, anxiety, and arousal. These symptoms are consistent with the emotional and physiological responses often associated with fear avoidance.
Step 2: On the other hand, the definition of Fear avoidance does not explicitly mention anxiety as a direct cause or effect. Instead, it focuses on a patient's beliefs about physical activity and work, and how these beliefs may affect low back pain and disability.
Step 3: While it is possible that fear avoidance could lead to anxiety due to the stress and uncertainty associated with avoiding certain activities, the symptoms of anxiety as defined by PROMIS are more specific and detailed, suggesting a more direct relationship.

Conclusion: A",,,,True,
Financial_level,Anxiety,True,"Reasoning Process:
Step 1: Given the definition of PROMIS anxiety, it focuses on emotional and physical symptoms related to fear and anxiety. These symptoms are not directly related to financial level or socioeconomic status.
Step 2: On the other hand, financial level can potentially impact anxiety levels. Financial stress is a common cause of anxiety and can lead to worry, dread, and somatic symptoms related to arousal.
Step 3: Therefore, it is more likely that Financial_level causes Anxiety.

Conclusion: B",,,,True,
Anxiety,Obesity,True,"Reasoning Process:
Step 1: Obesity is a physical condition related to an individual's weight, while anxiety is a psychological state. Physical conditions are typically not directly caused by psychological states.
Step 2: There is a significant body of evidence suggesting that psychological factors, such as stress and depression, can contribute to weight gain. However, the causal relationship is more complex and often bidirectional, with weight gain potentially leading to increased stress and depression. In this case, the PROMIS anxiety definition does not explicitly mention weight gain or obesity as a direct cause.
Step 3: The PROMIS anxiety definition focuses on symptoms such as fear, worry, feelings of panic, and somatic symptoms related to arousal. These symptoms are not typically associated with weight gain or obesity.

Conclusion: A",,,,True,
Sleep disturbance,Anxiety,True,"Reasoning Process:
Step 1: Given the definition of PROMIS anxiety, it includes symptoms such as fear, worry, feelings of panic, and hyperarousal, which are not directly related to sleep disturbance.
Step 2: On the other hand, the definition of Sleep disturbance does not include any symptoms that are directly related to anxiety, such as fear, worry, or feelings of panic.
Step 3: Therefore, it is more likely that Sleep disturbance does not cause Anxiety, as there is no direct or obvious link between the two based on their definitions.

Conclusion: B",,,,True,
Smoking,Anxiety,True,"Reasoning Process:
Step 1: Smoking is a physical action and does not inherently involve fear, worry, dread, tension, nervousness, restlessness, or somatic symptoms related to arousal, which are the key components of PROMIS anxiety.
Step 2: There is a well-established link between smoking and various physical health problems, such as cardiovascular disease and respiratory issues. These health problems can cause anxiety due to the fear of the consequences of the smoking habit.
Step 3: However, the onset of smoking typically precedes the development of these health problems, suggesting a causal relationship from Smoking to Anxiety, rather than the other way around.

Conclusion: B",,,,True,
Catastrophizing,CCI,True,"Reasoning Process:
Step 1: Given the definition of CCI, it measures the number of comorbidities a person has. Comorbidities are usually health conditions that occur alongside a primary condition, not the other way around.
Step 2: Pain catastrophizing, on the other hand, is a psychological response to pain, characterized by magnifying the threat value of pain, feeling helpless, and an inability to prevent or inhibit pain-related thoughts. This suggests it is a psychological or behavioral response, not a health condition.
Step 3: Therefore, it is more likely that pain catastrophizing is a result of, or influenced by, the presence of comorbidities, rather than comorbidities being a result of pain catastrophizing.
Step 4: This is because comorbidities are health conditions, and it is common for psychological responses like pain catastrophizing to be a reaction to these health conditions, not the other way around.

Conclusion: B",,,,True,
Depression,CCI,True,"Reasoning Process:
Step 1: Given that the Comorbidity Index (CCI) measures the number of comorbidities, it is a measure of the presence of multiple health conditions in an individual.
Step 2: Depression is one of the possible comorbidities that can be included in the CCI. However, it is not the definition of depression, which suggests that depression is a separate condition from the CCI.
Step 3: The PROMIS depression measure is a tool to assess the affective and cognitive manifestations of depression, which are symptoms of depression, not the condition itself.
Step 4: Given that depression is a potential comorbidity and a symptom, it is more likely that the presence of depression could lead to an increase in the number of comorbidities (CCI), rather than the other way around.

Conclusion: B",,,,True,
Education,CCI,True,"Reasoning Process:
Step 1: Given that the CCI (Comorbidity Index) is a measure of the number of comorbidities a person has, it is not likely that CCI causes Education, as comorbidities are health conditions, not educational attainment.
Step 2: On the other hand, Education can potentially influence CCI. Higher levels of education may lead to better access to healthcare, healthier lifestyle choices, and increased awareness of health issues, potentially reducing the number of comorbidities a person has.

Conclusion: B",,,,True,
Fear_avoidance,CCI,True,"Reasoning Process:
Step 1: Given that the Comorbidity Index (CCI) measures the number of comorbidities a patient has, it is unlikely that CCI directly causes Fear Avoidance as comorbidities are health conditions, not beliefs or attitudes.
Step 2: On the other hand, Fear Avoidance is a patient-reported questionnaire that focuses on a patient's fear avoidance beliefs about physical activity and work. These beliefs and attitudes can potentially contribute to the development and exacerbation of chronic pain, which could lead to the presence of comorbidities.
Step 3: Therefore, it is more likely that Fear Avoidance causes CCI, as fear avoidance beliefs and attitudes can lead to the development and exacerbation of chronic pain, which in turn can lead to the presence of comorbidities.

Conclusion: B",,,,True,
Financial_level,CCI,True,"Reasoning Process:
Step 1: Given that the Comorbidity Index (CCI) measures the number of health conditions a person has, it is not likely that CCI directly or indirectly causes Financial_level, as health conditions are not typically the primary determinants of financial status.
Step 2: On the other hand, a person's Financial_level can indirectly influence their health through factors such as access to healthcare, nutrition, and stress levels, which can lead to an increase in the number of health conditions (comorbidities).

Conclusion: B",,,,True,
Obesity,CCI,True,"Reasoning Process:
Step 1: Given that the Comorbidity Index (CCI) measures the number of comorbidities, it is a measure of the presence of multiple health conditions. These health conditions could include obesity, but it is not a direct measure of weight or BMI.
Step 2: Obesity, on the other hand, can lead to various health conditions, some of which are included in the CCI. For example, obesity is a known risk factor for conditions such as diabetes, heart disease, and certain types of cancer, which are often included in a CCI.
Step 3: Therefore, it is more likely that Obesity causes CCI, as obesity can lead to the development of multiple health conditions, some of which are included in the CCI.

Conclusion: B",,,,True,
Sleep disturbance,CCI,True,"Reasoning Process:
Step 1: Given that CCI is a comorbidity index, it measures the number of other health conditions a person has. These health conditions could potentially affect sleep quality, but it is not inherent in the definition of CCI that it directly impacts sleep.
Step 2: On the other hand, sleep disturbance can indirectly contribute to the development of various health conditions, which could increase the CCI. For example, poor sleep quality is associated with increased risk of cardiovascular disease, diabetes, and obesity, among others.
Step 3: Considering the above points, it is more likely that Sleep disturbance causes CCI, as sleep disturbance can lead to the development of comorbidities, while CCI does not directly cause sleep disturbance.

Conclusion: B",,,,True,
Smoking,CCI,True,"Reasoning Process:
Step 1: Smoking is a behavior that can lead to various health issues, including respiratory diseases and cardiovascular diseases. These diseases can increase the number of comorbidities a person has, which is what the CCI measures.
Step 2: There is no direct biological mechanism known that suggests an increase in comorbidities would cause someone to start smoking.

Conclusion: B",,,,True,
Catastrophizing,Depression,True,"Reasoning Process:
Step 1: Pain catastrophizing is a tendency to magnify the threat value of pain and feel helpless in the presence of pain, which can lead to negative emotions such as depression.
Step 2: Depression is characterized by affective and cognitive manifestations of depression, which can include feelings of helplessness and negative thoughts, similar to those seen in pain catastrophizing.
Step 3: While both conditions can influence each other, the presence of pain catastrophizing may precede the development of depression, as the constant magnification of pain and feelings of helplessness can lead to a depressive state.

Conclusion: A",,,,True,
Education,Catastrophizing,True,"Reasoning Process:
Step 1: Pain catastrophizing score is a psychological trait that is not directly influenced by Education.
Step 2: Education, on the other hand, can potentially influence an individual's ability to cope with pain, but it does not inherently cause the development of pain catastrophizing.
Step 3: Therefore, it is more likely that Education does not cause Catastrophizing.

Conclusion: B",,,,True,
Catastrophizing,Fear_avoidance,True,"Reasoning Process:
Step 1: Given the definition of Pain catastrophizing, it involves a tendency to magnify the threat value of a pain stimulus and feel helpless in the presence of pain, as well as a relative inability to prevent or inhibit pain-related thoughts. This suggests a psychological response to pain.
Step 2: Fear avoidance, on the other hand, is about a patient's fear avoidance beliefs about physical activity and work, which may affect and contribute to their low back pain and resulting disability. This seems to be more related to the patient's behavior and attitudes towards physical activity.
Step 3: Given that pain catastrophizing is a psychological response to pain, it is more likely that this psychological state could influence a patient's fear avoidance beliefs, rather than the other way around. For instance, someone who catastrophizes about pain might be more likely to avoid physical activity out of fear of exacerbating the pain.

Conclusion: A",,,,True,
Financial_level,Catastrophizing,True,"Reasoning Process:
Step 1: Pain catastrophizing is a psychological construct related to an individual's thoughts and feelings about pain, not directly related to financial status.
Step 2: Financial level, on the other hand, is a measure of an individual's economic resources, which can indirectly affect various aspects of life, including mental health.
Step 3: Research has shown that financial stress can lead to increased levels of psychological distress, including anxiety and depression, which in turn can lead to increased pain catastrophizing.
Step 4: There is no evidence to suggest that pain catastrophizing directly causes changes in financial level.

Conclusion: B",,,,True,
Obesity,Catastrophizing,True,"Reasoning Process:
Step 1: Obesity is a physical condition related to an individual's weight, which is influenced by factors such as diet, exercise, genetics, and lifestyle. It is not directly related to psychological factors like pain catastrophizing.
Step 2: Pain catastrophizing is a psychological response to pain, characterized by magnifying the threat value of pain, feeling helpless, and an inability to prevent or inhibit pain-related thoughts. It is not a direct cause of obesity.
Step 3: While there may be indirect relationships between pain catastrophizing and obesity (for example, if someone with chronic pain turns to unhealthy coping mechanisms like overeating), these relationships are likely to be mediated by other factors, such as lifestyle choices or mental health issues.
Step 4: Given the definitions provided, it is more likely that Obesity causes Catastrophizing, as obesity-related health issues can lead to chronic pain, which in turn can lead to pain catastrophizing.

Conclusion: B",,,,True,
Catastrophizing,Sleep disturbance,True,"Reasoning Process:
Step 1: Given the definition of Pain Catastrophizing, it is a psychological response to pain that involves magnifying the threat value of pain, feeling helpless, and having a relative inability to prevent or inhibit pain-related thoughts. This suggests that it is a mental or emotional state that can be triggered by the presence of pain.
Step 2: Sleep disturbance, on the other hand, is a self-reported perception of sleep quality, sleep depth, and restoration associated with sleep. It is not directly related to mental or emotional states, but rather to the quality of sleep itself.
Step 3: Therefore, it is more likely that Sleep disturbance does not directly cause Catastrophizing, as it is not a mental or emotional state that can be directly influenced by sleep quality.
Step 4: However, it is possible that Sleep disturbance could indirectly influence Catastrophizing through its impact on mood, stress levels, or other psychological factors. For example, poor sleep could lead to increased stress, which in turn could lead to increased pain catastrophizing.
Step 5: However, the direct causal relationship between Sleep disturbance and Catastrophizing is less likely than the reverse, as the definition of Catastrophizing suggests it is a response to pain, not a cause of it.
Step 6: Therefore, the causal direction is more likely to be Catastrophizing causes Sleep disturbance.

Conclusion: A",,,,True,
Education,Depression,True,"Reasoning Process:
Step 1: Depression and Education are two distinct concepts, each with its own set of factors and influences.
Step 2: There is no inherent mechanism or evidence suggesting that PROMIS depression (depression) directly causes a change in Education.
Step 3: On the other hand, Education can influence a person's mental health, including their risk of depression. For example, higher education may provide better coping skills, social support, and access to mental health resources.
Step 4: Therefore, it is more likely that Education causes Depression.

Conclusion: B",,,,True,
Fear_avoidance,Depression,True,"Reasoning Process:
Step 1: Given the definition of PROMIS depression, it refers to affective and cognitive manifestations of depression. This suggests that it is a psychological state, which is a subjective experience.
Step 2: On the other hand, the definition of Fear avoidance suggests that it is a patient-reported questionnaire focusing on fear avoidance beliefs about physical activity and work. This implies that it is a behavioral or attitudinal response to a perceived threat.
Step 3: It is more likely that a psychological state (depression) could influence a behavioral or attitudinal response (fear avoidance), rather than the other way around. This is because psychological states are often thought to influence behavior, while behavioral responses do not typically cause psychological states.

Conclusion: B",,,,True,
Financial_level,Depression,True,"Reasoning Process:
Step 1: Given the definition of PROMIS depression, it refers to the emotional and cognitive aspects of depression. These symptoms are internal states and are not directly influenced by external factors such as financial level.
Step 2: On the other hand, financial level is an external factor that can affect various aspects of a person's life, including their mental health. Financial stress is a known risk factor for depression.
Step 3: Therefore, it is more likely that Financial_level causes Depression, as financial stress can lead to depression through the intermediate variable of stress and mental health.

Conclusion: B",,,,True,
Obesity,Depression,True,"Reasoning Process:
Step 1: Obesity is a physical condition related to weight and body mass index, while PROMIS depression is a psychological condition related to affective and cognitive manifestations of depression. Therefore, it is more likely that physical conditions do not directly cause psychological conditions.
Step 2: Research has shown that obesity can lead to various psychological issues, including depression, due to social stigma, low self-esteem, and other health problems associated with obesity. This suggests a causal relationship from Obesity to Depression.
Step 3: On the other hand, depression can lead to changes in lifestyle, such as poor diet and lack of exercise, which can contribute to weight gain and obesity. However, these changes are indirect and occur as a result of depression, not as a direct cause.
Step 4: Given the evidence that obesity can directly cause depression and the indirect relationship between depression and obesity, it is more likely that Obesity causes Depression.
Step 5: In the absence of strong evidence for a direct causal relationship between depression and obesity, and given the evidence for a direct causal relationship from obesity to depression, the most parsimonious explanation is that Obesity causes Depression.

Conclusion: B",,,,True,
Sleep disturbance,Depression,True,"Reasoning Process:
Step 1: Given the definition of PROMIS depression as affective and cognitive manifestations of depression, it suggests that depression is a psychological state that includes feelings of sadness, hopelessness, and changes in thinking, behavior, and mood. These symptoms do not directly relate to sleep disturbance.
Step 2: On the other hand, the definition of Sleep disturbance indicates that it is related to self-reported perceptions of sleep quality, sleep depth, and restoration. Sleep disturbance can be a symptom of various conditions, including depression, but it is a physical or physiological phenomenon that can occur independently of depression.
Step 3: Considering the definitions, it is more likely that sleep disturbance is a symptom or consequence of depression rather than the cause. This is because sleep disturbance is a physical or physiological phenomenon that can be influenced by various factors, while depression is a psychological state.

Conclusion: B",,,,True,
Smoking,Depression,True,"Reasoning Process:
Step 1: Smoking is a behavioral activity that involves the inhalation of tobacco smoke. This action does not inherently cause affective and cognitive manifestations of depression, which are the components of PROMIS depression.
Step 2: On the other hand, smoking is associated with several health issues, including cardiovascular disease, respiratory problems, and certain types of cancer. These health issues can lead to a decline in overall quality of life, which may increase the risk of developing depression.
Step 3: Additionally, nicotine, a substance found in tobacco, can affect the brain's reward system and lead to addiction. This addiction can cause stress and anxiety, which are symptoms of depression.
Step 4: In summary, while there is a correlation between smoking and depression, the causal relationship is more likely to be from smoking causing depression, as smoking can lead to health issues and affect the brain's reward system, increasing the risk of depression.

Conclusion: B",,,,True,
Education,Financial_level,True,"Reasoning Process:
Step 1: Identifying potential intermediate variables that could link the two variables
Step 2: Considering variables that are typically influenced by Education, such as job opportunities, skills, and knowledge
Step 3: Job opportunities and skills are often associated with higher income, suggesting a potential causal relationship from Education to Financial_level
Step 4: On the other hand, Financial_level can influence Education indirectly through the ability to afford educational resources, but it is less likely to have a direct causal effect on Education
Step 5: Weighing the potential causal relationships based on the strength and directness of the links between the variables
Step 6: Considering the direct and immediate impact of Education on job opportunities and income, as compared to the indirect and potentially weaker influence of Financial_level on Education

Conclusion: A",,,,True,
Obesity,Education,True,"Reasoning Process:
Step 1: Obesity is often associated with factors such as poor diet and lack of physical activity, which are influenced by various socio-economic factors. Education can play a role in shaping these factors.
Step 2: However, it is more likely that Obesity causes Education rather than the other way around. This is because obesity can lead to various health issues, which may limit a person's ability to focus on education, attend school regularly, or even access educational resources.
Step 3: Additionally, while education can potentially influence diet and physical activity, the impact is not as direct or immediate as the impact of obesity on education.

Conclusion: B",,,,True,
Smoking,Education,True,"Reasoning Process:
Step 1: Smoking is a behavior that is often influenced by various factors, including personal choices, social norms, and access to resources. Education, however, is not typically considered a direct factor influencing the act of smoking.
Step 2: While education may indirectly influence smoking through factors such as income level or access to health information, there is no strong evidence to suggest that education directly causes smoking.
Step 3: On the other hand, smoking can have a direct impact on education. Smoking can lead to health issues, such as respiratory problems, which can affect a person's ability to focus and perform well in school. Additionally, smoking can lead to financial burdens due to the costs of tobacco products and potential health care expenses, which can impact a person's ability to afford education.
Step 4: Given the above points, it is more likely that Smoking causes Education, as smoking can have a direct impact on a person's ability to focus and perform well in school, and can lead to financial burdens that may affect their ability to afford education.

Conclusion: B",,,,True,
Sleep disturbance,Fear_avoidance,True,"Reasoning Process:
Step 1: Given the definition of Fear_avoidance, it focuses on a patient's beliefs about physical activity and work that may affect low back pain and resulting disability. These beliefs are cognitive in nature and not directly related to sleep.
Step 2: On the other hand, the definition of Sleep disturbance does not mention any specific beliefs or cognitive factors that would directly cause fear avoidance. Instead, it focuses on self-reported perceptions of sleep quality, sleep depth, and restoration.
Step 3: Therefore, it is more likely that Sleep disturbance does not cause Fear_avoidance, as there is no direct causal link between the two based on the provided definitions.

Conclusion: B",,,,True,
Financial_level,Obesity,True,"Reasoning Process:
Step 1: Obesity is often influenced by factors such as diet and physical activity, which can be affected by financial resources. For example, a higher financial level may allow for access to healthier food options and gym memberships.
Step 2: However, it's also possible that being obese or overweight can lead to financial difficulties due to increased healthcare costs and reduced productivity. But this effect is generally considered to be a consequence rather than a cause.
Step 3: Given that the primary factors influencing obesity are more directly related to lifestyle choices, and financial level can indirectly influence these choices, it's more likely that Financial_level causes Obesity.

Conclusion: A",,,,True,
Financial_level,Sleep disturbance,True,"Reasoning Process:
Step 1: Identify potential intermediate variables that could link the two variables
Step 2: Consider the nature of the variables: Financial_level is a proxy for socioeconomic status, while Sleep disturbance is a self-reported perception of sleep quality. It is less likely that financial status would directly affect sleep quality, but it could indirectly affect sleep through factors such as stress, access to healthcare, or ability to afford sleep-promoting resources.
Step 3: Consider the nature of the variables in reverse: Sleep disturbance is a subjective experience and it is less likely that it would directly cause changes in financial level, but it could potentially indirectly affect financial level through factors such as reduced productivity, increased healthcare costs, or decreased job performance.
Step 4: Evaluate the strength of the potential causal relationships: The evidence suggests that the indirect effects of sleep disturbance on financial level are more tenuous and less consistent than the indirect effects of financial level on sleep disturbance.
Step 5: Based on the above reasoning, determine the more likely causal direction

Conclusion: A",,,,True,
Smoking,Financial_level,True,"Reasoning Process:
Step 1: Smoking is a personal habit and not directly influenced by financial level. It is not typically considered that a higher or lower financial level would cause someone to start or stop smoking.
Step 2: On the other hand, smoking can have significant financial implications. Smoking is associated with increased healthcare costs due to smoking-related diseases, and these costs can strain a person's financial resources, potentially leading to a lower financial level.

Conclusion: B",,,,True,
Sleep disturbance,Obesity,True,"Reasoning Process:
Step 1: Obesity is a physical condition related to an individual's weight, which is measurable and can be influenced by factors such as diet and exercise. Sleep disturbance, on the other hand, is a subjective perception of sleep quality, depth, and restoration.
Step 2: It is generally accepted that physical conditions, such as obesity, do not typically change based on subjective perceptions or feelings, like sleep quality. Instead, physical conditions tend to influence psychological states, such as mood or energy levels, which in turn can affect sleep.
Step 3: Therefore, it is more likely that Sleep disturbance causes Obesity, as poor sleep quality could lead to changes in appetite, energy levels, and physical activity, which could contribute to weight gain over time.

Conclusion: B",,,,True,
Smoking,Sleep disturbance,True,"Reasoning Process:
Step 1: Identify potential intermediate variables that could link the two variables
Step 2: Consider the physiological effects of smoking on the body
Step 3: Consider the potential impact of smoking on sleep quality, sleep depth, and restoration
Step 4: Consider the self-reported perceptions of sleep quality as a measure of sleep disturbance
Step 5: Given the known effects of smoking on the body, it is more likely that smoking causes sleep disturbance rather than the other way around

Conclusion: B",,,,True,
