"from","to","strength","direction"
"Sex","Obesity",0.362,1
"Sex","Anxiety",0.654,1
"Sex","Depression",0.054,1
"Sex","Sleep",0.894,1
"Sex","Education",0.008,1
"Sex","Financial_level",0.168,1
"Sex","Smoking",0.004,1
"Sex","Catastrophizing",0.004,1
"Sex","Fear_avoidance",0.418,1
"Sex","Age",0,0
"Sex","Alcohol",1,1
"Sex","CCI",0,0
"Sex","PEG",0.564,1
"Obesity","Sex",0.362,0
"Obesity","Anxiety",0.062,0.0806451612903226
"Obesity","Depression",0.728,0.0384615384615385
"Obesity","Sleep",0.122,0
"Obesity","Education",0,0
"Obesity","Financial_level",0.004,0.5
"Obesity","Smoking",0,0
"Obesity","Catastrophizing",0.058,0.120689655172414
"Obesity","Fear_avoidance",0.106,0.0377358490566038
"Obesity","Age",0.014,0
"Obesity","Alcohol",0.33,0.0151515151515152
"Obesity","CCI",0,0
"Obesity","PEG",0.39,1
"Anxiety","Sex",0.654,0
"Anxiety","Obesity",0.062,0.919354838709677
"Anxiety","Depression",1,0.637
"Anxiety","Sleep",0.992,0.766129032258065
"Anxiety","Education",0.006,1
"Anxiety","Financial_level",0.786,0.912213740458015
"Anxiety","Smoking",0.084,0.928571428571428
"Anxiety","Catastrophizing",1,0.842
"Anxiety","Fear_avoidance",0.352,0.863636363636364
"Anxiety","Age",1,0
"Anxiety","Alcohol",0.056,0.607142857142857
"Anxiety","CCI",0,0
"Anxiety","PEG",0.096,1
"Depression","Sex",0.054,0
"Depression","Obesity",0.728,0.961538461538461
"Depression","Anxiety",1,0.363
"Depression","Sleep",0.984,0.639227642276423
"Depression","Education",0.022,1
"Depression","Financial_level",0.4,0.5875
"Depression","Smoking",0.13,0.830769230769231
"Depression","Catastrophizing",0.902,0.647450110864745
"Depression","Fear_avoidance",0.276,0.905797101449275
"Depression","Age",0.538,0
"Depression","Alcohol",0.538,0.702602230483271
"Depression","CCI",0.002,0.5
"Depression","PEG",0.898,1
"Sleep","Sex",0.894,0
"Sleep","Obesity",0.122,1
"Sleep","Anxiety",0.992,0.233870967741935
"Sleep","Depression",0.984,0.360772357723577
"Sleep","Education",0.986,0.997971602434077
"Sleep","Financial_level",0.948,0.611814345991561
"Sleep","Smoking",0.144,0.916666666666667
"Sleep","Catastrophizing",0.944,0.525423728813559
"Sleep","Fear_avoidance",0.346,0.708092485549133
"Sleep","Age",0.592,0
"Sleep","Alcohol",0.356,0.707865168539326
"Sleep","CCI",0.062,0.564516129032258
"Sleep","PEG",1,1
"Education","Sex",0.008,0
"Education","Obesity",0,0
"Education","Anxiety",0.006,0
"Education","Depression",0.022,0
"Education","Sleep",0.986,0.00202839756592292
"Education","Financial_level",0.802,0.0598503740648379
"Education","Smoking",0.874,0.949656750572082
"Education","Catastrophizing",0.116,0.0344827586206897
"Education","Fear_avoidance",0.554,0.0144404332129964
"Education","Age",0.01,0
"Education","Alcohol",0.056,0
"Education","CCI",0,0
"Education","PEG",0.004,1
"Financial_level","Sex",0.168,0
"Financial_level","Obesity",0.004,0.5
"Financial_level","Anxiety",0.786,0.0877862595419847
"Financial_level","Depression",0.4,0.4125
"Financial_level","Sleep",0.948,0.388185654008439
"Financial_level","Education",0.802,0.940149625935162
"Financial_level","Smoking",0.27,0.818518518518518
"Financial_level","Catastrophizing",0.034,0.88235294117647
"Financial_level","Fear_avoidance",0.848,0.574292452830189
"Financial_level","Age",0.318,0
"Financial_level","Alcohol",0.798,0.0300751879699248
"Financial_level","CCI",0,0
"Financial_level","PEG",0.934,1
"Smoking","Sex",0.004,0
"Smoking","Obesity",0,0
"Smoking","Anxiety",0.084,0.0714285714285714
"Smoking","Depression",0.13,0.169230769230769
"Smoking","Sleep",0.144,0.0833333333333333
"Smoking","Education",0.874,0.0503432494279176
"Smoking","Financial_level",0.27,0.181481481481481
"Smoking","Catastrophizing",0.114,0.245614035087719
"Smoking","Fear_avoidance",0.096,0.0625
"Smoking","Age",1,0
"Smoking","Alcohol",0.278,0.201438848920863
"Smoking","CCI",0,0
"Smoking","PEG",0.016,1
"Catastrophizing","Sex",0.004,0
"Catastrophizing","Obesity",0.058,0.879310344827586
"Catastrophizing","Anxiety",1,0.158
"Catastrophizing","Depression",0.902,0.352549889135255
"Catastrophizing","Sleep",0.944,0.474576271186441
"Catastrophizing","Education",0.116,0.96551724137931
"Catastrophizing","Financial_level",0.034,0.117647058823529
"Catastrophizing","Smoking",0.114,0.754385964912281
"Catastrophizing","Fear_avoidance",1,0.926
"Catastrophizing","Age",0.06,0
"Catastrophizing","Alcohol",0.454,0.762114537444934
"Catastrophizing","CCI",0.002,1
"Catastrophizing","PEG",1,1
"Fear_avoidance","Sex",0.418,0
"Fear_avoidance","Obesity",0.106,0.962264150943396
"Fear_avoidance","Anxiety",0.352,0.136363636363636
"Fear_avoidance","Depression",0.276,0.0942028985507246
"Fear_avoidance","Sleep",0.346,0.291907514450867
"Fear_avoidance","Education",0.554,0.985559566787004
"Fear_avoidance","Financial_level",0.848,0.425707547169811
"Fear_avoidance","Smoking",0.096,0.9375
"Fear_avoidance","Catastrophizing",1,0.074
"Fear_avoidance","Age",0.142,0
"Fear_avoidance","Alcohol",0.022,0.909090909090909
"Fear_avoidance","CCI",0.002,1
"Fear_avoidance","PEG",1,1
"Age","Sex",0,0
"Age","Obesity",0.014,1
"Age","Anxiety",1,1
"Age","Depression",0.538,1
"Age","Sleep",0.592,1
"Age","Education",0.01,1
"Age","Financial_level",0.318,1
"Age","Smoking",1,1
"Age","Catastrophizing",0.06,1
"Age","Fear_avoidance",0.142,1
"Age","Alcohol",0.042,1
"Age","CCI",1,1
"Age","PEG",0.94,1
"Alcohol","Sex",1,0
"Alcohol","Obesity",0.33,0.984848484848485
"Alcohol","Anxiety",0.056,0.392857142857143
"Alcohol","Depression",0.538,0.297397769516729
"Alcohol","Sleep",0.356,0.292134831460674
"Alcohol","Education",0.056,1
"Alcohol","Financial_level",0.798,0.969924812030075
"Alcohol","Smoking",0.278,0.798561151079137
"Alcohol","Catastrophizing",0.454,0.237885462555066
"Alcohol","Fear_avoidance",0.022,0.0909090909090909
"Alcohol","Age",0.042,0
"Alcohol","CCI",0,0
"Alcohol","PEG",0.062,1
"CCI","Sex",0,0
"CCI","Obesity",0,0
"CCI","Anxiety",0,0
"CCI","Depression",0.002,0.5
"CCI","Sleep",0.062,0.435483870967742
"CCI","Education",0,0
"CCI","Financial_level",0,0
"CCI","Smoking",0,0
"CCI","Catastrophizing",0.002,0
"CCI","Fear_avoidance",0.002,0
"CCI","Age",1,0
"CCI","Alcohol",0,0
"CCI","PEG",0,0
"PEG","Sex",0.564,0
"PEG","Obesity",0.39,0
"PEG","Anxiety",0.096,0
"PEG","Depression",0.898,0
"PEG","Sleep",1,0
"PEG","Education",0.004,0
"PEG","Financial_level",0.934,0
"PEG","Smoking",0.016,0
"PEG","Catastrophizing",1,0
"PEG","Fear_avoidance",1,0
"PEG","Age",0.94,0
"PEG","Alcohol",0.062,0
"PEG","CCI",0,0
